city,date,day_temperatre,night_temperature
Оренбург,2020-03-30,15.6,-2.0
Липецк,2020-03-21,6.6,-3.0
Челябинск,2020-03-23,-2.7,-7.1
Оренбург,2020-03-22,5.8,-6.0
Томск,2020-03-29,5.7,-5.3
Ханты-Мансийск,2020-03-25,4.0,-6.3
Курган,2020-03-28,8.6,-4.5
Казань,2020-03-25,4.0,-9.0
Киров,2020-03-18,4.7,-7.2
Тула,2020-03-05,9.0,1.7
Ханты-Мансийск,2020-03-03,1.3,-3.1
Ижевск,2020-03-19,3.4,1.5
Ставрополь,2020-03-25,12.0,-3.6
Брянск,2020-03-29,17.0,3.2
Кемерово,2020-03-04,-0.9,-4.5
Псков,2020-03-10,9.9,2.8
Петрозаводск,2020-03-30,1.0,-9.0
Йошкар-Ола,2020-03-26,11.8,2.7
Улан-Удэ,2020-03-07,-4.0,-12.0
Иркутск,2020-03-29,4.8,-4.0
Липецк,2020-03-27,17.1,2.5
Калининград,2020-03-29,4.6,0.0
Улан-Удэ,2020-03-04,-4.4,-23.0
Мурманск,2020-03-21,-3.0,-19.0
Иваново,2020-03-02,2.3,0.9
Псков,2020-03-17,4.4,0.8
Калининград,2020-03-17,10.5,3.0
Омск,2020-03-17,2.1,-3.0
Майкоп,2020-03-03,20.9,1.9
Волгоград,2020-03-24,0.5,-5.0
Архангельск,2020-03-25,5.0,-1.6
Оренбург,2020-03-31,16.9,0.0
Нальчик,2020-03-10,7.0,2.6
Салехард,2020-03-07,-2.5,-15.2
Санкт-Петербург,2020-03-18,6.0,2.0
Чебоксары,2020-03-18,9.0,0.0
Орел,2020-03-27,16.8,-1.0
Элиста,2020-03-15,11.0,-0.4
Уфа,2020-03-21,2.0,-2.0
Благовещенск,2020-03-19,4.8,-9.6
Челябинск,2020-03-20,5.4,0.1
Омск,2020-03-28,4.0,-4.0
Иваново,2020-03-15,-1.0,-7.2
Сыктывкар,2020-03-30,-0.1,-5.0
Калининград,2020-03-15,7.3,-5.0
Нальчик,2020-03-09,20.0,4.0
Краснодар,2020-03-21,15.0,4.0
Ростов,2020-03-02,2.9,1.1
Салехард,2020-03-29,1.7,-7.3
Самара,2020-03-09,5.7,0.9
Биробиджан,2020-03-27,1.9,-7.1
Брянск,2020-03-25,9.0,-5.0
Вологда,2020-03-27,12.0,-0.6
Улан-Удэ,2020-03-19,3.6,-8.0
Анадырь,2020-03-29,-7.0,-13.8
Владимир,2020-03-17,5.9,0.3
Грозный,2020-03-19,5.0,0.6
Петропавловск-Камчатский,2020-03-23,4.0,0.0
Нальчик,2020-03-01,2.0,-2.0
Нижний Новгород,2020-03-07,7.0,2.4
Якутск,2020-03-02,-14.4,-29.3
Томск,2020-03-16,5.0,-1.1
Брянск,2020-03-04,9.3,2.0
Чебоксары,2020-03-24,-2.0,-5.0
Кемерово,2020-03-31,8.6,-2.6
Краснодар,2020-03-23,12.0,1.0
Кызыл,2020-03-06,-4.1,-17.4
Псков,2020-03-01,4.0,-1.4
Майкоп,2020-03-17,4.2,-3.6
Вологда,2020-03-28,14.3,-1.5
Петрозаводск,2020-03-02,3.0,-1.2
Кострома,2020-03-11,3.5,1.0
Тамбов,2020-03-22,-0.1,-2.9
Уфа,2020-03-28,9.8,-6.3
Саранск,2020-03-23,-1.7,-6.4
Екатеринбург,2020-03-13,5.8,2.0
Элиста,2020-03-07,14.0,4.0
Чебоксары,2020-03-06,3.0,-2.0
Кемерово,2020-03-10,-3.3,-14.0
Рязань,2020-03-27,15.4,-0.8
Ростов,2020-03-19,9.2,0.7
Петропавловск-Камчатский,2020-03-01,0.0,-12.0
Хабаровск,2020-03-14,-4.0,-14.0
Оренбург,2020-03-18,8.1,-9.0
Махачкала,2020-03-15,14.7,7.8
Магадан,2020-03-29,-2.1,-8.0
Липецк,2020-03-30,16.7,1.0
Ростов,2020-03-26,13.6,2.3
Киров,2020-03-08,2.6,-0.3
Челябинск,2020-03-16,2.0,-10.7
Саранск,2020-03-04,2.4,0.0
Брянск,2020-03-26,13.0,-3.3
Абакан,2020-03-10,1.0,-11.0
Омск,2020-03-20,5.6,-1.7
Хабаровск,2020-03-28,2.0,-3.7
Петрозаводск,2020-03-22,2.0,-11.1
Челябинск,2020-03-13,7.6,2.6
Пенза,2020-03-18,9.9,-2.4
Майкоп,2020-03-27,17.0,2.4
Краснодар,2020-03-02,12.0,1.0
Ставрополь,2020-03-19,2.0,-0.5
Екатеринбург,2020-03-30,15.0,-2.0
Иваново,2020-03-27,14.8,-3.4
Калининград,2020-03-03,8.0,2.0
Казань,2020-03-11,8.2,2.0
Махачкала,2020-03-27,10.4,6.3
Астрахань,2020-03-12,19.0,1.0
Кызыл,2020-03-01,-1.5,-19.1
Пермь,2020-03-14,4.8,0.1
Калининград,2020-03-16,10.7,2.1
Липецк,2020-03-01,6.0,-4.3
Архангельск,2020-03-05,-1.0,-15.3
Воронеж,2020-03-06,11.7,1.7
Киров,2020-03-28,11.1,1.1
Челябинск,2020-03-15,3.4,-2.9
Чита,2020-03-03,-3.9,-23.8
Нальчик,2020-03-28,11.0,-2.1
Сыктывкар,2020-03-02,2.0,-7.0
Ижевск,2020-03-22,-2.7,-8.4
Анадырь,2020-03-12,3.0,-14.6
Омск,2020-03-07,-5.0,-19.0
Омск,2020-03-01,2.3,-6.0
Йошкар-Ола,2020-03-08,4.2,1.1
Курск,2020-03-10,18.9,9.3
Хабаровск,2020-03-05,1.0,-9.0
Смоленск,2020-03-30,0.3,-3.7
Томск,2020-03-28,4.1,-4.4
Южно-Сахалинск,2020-03-01,1.3,-19.0
Архангельск,2020-03-06,3.1,-3.6
Улан-Удэ,2020-03-20,3.0,-7.1
Кострома,2020-03-31,-1.3,-4.9
Ижевск,2020-03-06,1.1,-11.4
Самара,2020-03-14,4.5,0.0
Биробиджан,2020-03-15,1.5,-9.5
Ростов,2020-03-22,-0.6,-8.7
Краснодар,2020-03-10,23.0,6.0
Уфа,2020-03-06,0.7,-15.0
Иркутск,2020-03-21,9.8,-7.0
Анадырь,2020-03-01,-20.0,-27.6
Москва,2020-03-23,1.6,-5.6
Уфа,2020-03-14,5.8,0.0
Хабаровск,2020-03-29,9.0,1.8
Саранск,2020-03-06,3.0,-1.8
Анадырь,2020-03-09,-17.0,-28.6
Казань,2020-03-30,15.0,2.0
Тверь,2020-03-16,5.5,-11.5
Сыктывкар,2020-03-04,-1.3,-16.0
Петрозаводск,2020-03-08,5.1,-3.0
Тюмень,2020-03-02,2.3,-7.9
Тамбов,2020-03-16,1.0,-4.2
Казань,2020-03-03,5.3,-2.0
Великий Новгород,2020-03-08,4.7,-1.0
Пенза,2020-03-10,15.7,2.0
Орел,2020-03-25,9.3,-8.0
Мурманск,2020-03-26,5.0,-1.0
Майкоп,2020-03-25,12.9,-0.3
Ижевск,2020-03-09,2.0,-0.1
Улан-Удэ,2020-03-09,-2.6,-19.0
Самара,2020-03-05,2.2,-4.0
Новосибирск,2020-03-05,-1.0,-18.0
Анадырь,2020-03-24,0.0,-7.1
Калуга,2020-03-20,6.0,-2.0
Челябинск,2020-03-04,3.9,-3.4
Омск,2020-03-14,4.6,-7.0
Якутск,2020-03-04,-14.9,-30.5
Тюмень,2020-03-30,13.3,1.1
Чита,2020-03-13,1.1,-6.2
Чита,2020-03-27,-0.8,-16.4
Санкт-Петербург,2020-03-12,6.0,1.0
Ижевск,2020-03-28,9.6,-1.0
Кызыл,2020-03-15,-5.7,-18.6
Сыктывкар,2020-03-26,7.0,-0.4
Кемерово,2020-03-24,-8.1,-15.5
Мурманск,2020-03-02,-5.8,-16.0
Иваново,2020-03-01,3.0,-9.6
Воронеж,2020-03-14,8.6,2.6
Махачкала,2020-03-21,9.8,7.3
Саранск,2020-03-09,4.4,1.7
Благовещенск,2020-03-13,-6.4,-17.6
Тамбов,2020-03-30,16.6,4.7
Самара,2020-03-28,10.6,-2.0
Улан-Удэ,2020-03-22,13.0,-6.0
Курск,2020-03-23,1.0,-6.3
Иркутск,2020-03-15,10.0,-5.0
Воронеж,2020-03-29,18.0,2.8
Воронеж,2020-03-12,9.4,6.0
Екатеринбург,2020-03-28,7.0,-5.0
Астрахань,2020-03-16,5.0,-2.0
Магадан,2020-03-02,-2.0,-27.0
Тамбов,2020-03-06,6.9,0.9
Биробиджан,2020-03-31,7.1,-6.8
Вологда,2020-03-01,1.1,-10.9
Кострома,2020-03-30,-0.6,-4.4
Вологда,2020-03-05,2.6,-0.4
Оренбург,2020-03-19,11.2,-9.0
Великий Новгород,2020-03-17,4.1,-0.1
Тюмень,2020-03-21,1.5,-5.0
Мурманск,2020-03-12,0.0,-8.0
Владимир,2020-03-27,14.8,0.1
Хабаровск,2020-03-01,-0.8,-11.0
Нальчик,2020-03-23,18.0,1.7
Брянск,2020-03-12,11.0,2.4
Воронеж,2020-03-15,1.1,-4.3
Майкоп,2020-03-12,17.0,5.1
Кызыл,2020-03-11,-5.4,-19.5
Калуга,2020-03-26,15.0,-4.0
Смоленск,2020-03-29,15.7,2.6
Самара,2020-03-21,5.7,-3.0
Якутск,2020-03-22,0.1,-24.0
Санкт-Петербург,2020-03-28,12.0,1.0
Воронеж,2020-03-11,15.2,3.0
Салехард,2020-03-30,-2.6,-16.2
Воронеж,2020-03-07,9.4,5.9
Кемерово,2020-03-21,4.3,0.4
Сыктывкар,2020-03-16,0.6,-14.4
Ханты-Мансийск,2020-03-01,1.0,-4.0
Петрозаводск,2020-03-21,0.0,-9.7
Тверь,2020-03-22,0.1,-7.1
Махачкала,2020-03-03,9.8,3.9
Пермь,2020-03-27,8.0,-1.7
Тюмень,2020-03-25,4.9,-4.0
Томск,2020-03-10,-3.6,-13.3
Курган,2020-03-10,1.1,-1.7
Петрозаводск,2020-03-11,5.0,0.2
Рязань,2020-03-18,9.9,-0.1
Киров,2020-03-20,3.6,-2.2
Смоленск,2020-03-14,2.6,-4.6
Нальчик,2020-03-07,19.0,1.6
Калининград,2020-03-20,9.0,1.0
Владимир,2020-03-15,-2.2,-6.0
Ханты-Мансийск,2020-03-11,1.0,-1.0
Улан-Удэ,2020-03-12,0.0,-18.0
Иваново,2020-03-05,2.6,0.9
Кызыл,2020-03-30,2.3,-9.6
Мурманск,2020-03-13,-3.2,-10.0
Чита,2020-03-12,-4.0,-22.5
Оренбург,2020-03-05,2.8,-12.0
Нижний Новгород,2020-03-15,0.0,-3.4
Томск,2020-03-02,5.3,-5.8
Нижний Новгород,2020-03-16,3.0,-9.0
Ставрополь,2020-03-22,16.0,2.9
Элиста,2020-03-08,13.0,1.0
Улан-Удэ,2020-03-13,1.0,-3.7
Ставрополь,2020-03-31,15.0,6.0
Киров,2020-03-30,6.9,-1.4
Ханты-Мансийск,2020-03-17,-1.0,-14.2
Ханты-Мансийск,2020-03-24,1.2,-6.3
Краснодар,2020-03-09,26.0,5.0
Самара,2020-03-31,17.0,4.0
Ижевск,2020-03-02,2.9,-6.8
Уфа,2020-03-01,3.3,-9.5
Калининград,2020-03-01,11.0,3.5
Рязань,2020-03-08,9.0,4.6
Калининград,2020-03-30,6.9,-3.1
Омск,2020-03-03,-1.2,-12.3
Магадан,2020-03-26,3.0,-20.0
Владимир,2020-03-18,8.1,-0.8
Сыктывкар,2020-03-12,3.0,0.6
Ростов,2020-03-18,8.7,0.6
Майкоп,2020-03-18,3.9,-0.1
Калуга,2020-03-08,9.0,1.0
Чита,2020-03-05,0.0,-21.7
Йошкар-Ола,2020-03-05,2.1,-4.1
Тула,2020-03-25,9.3,-6.2
Курск,2020-03-29,15.7,5.7
Ханты-Мансийск,2020-03-04,0.4,-10.6
Саранск,2020-03-24,-0.8,-6.0
Москва,2020-03-07,12.0,5.5
Салехард,2020-03-10,3.0,-6.0
Якутск,2020-03-26,-12.0,-20.4
Кызыл,2020-03-10,-7.0,-16.8
Астрахань,2020-03-10,17.0,0.0
Тюмень,2020-03-13,4.5,-0.3
Челябинск,2020-03-21,2.0,-1.2
Ростов,2020-03-16,4.5,-8.4
Ижевск,2020-03-18,4.9,-4.3
Омск,2020-03-11,1.0,-11.0
Архангельск,2020-03-31,0.5,-9.1
Екатеринбург,2020-03-29,11.5,-1.0
Воронеж,2020-03-03,5.0,2.4
Биробиджан,2020-03-03,-0.8,-12.4
Салехард,2020-03-31,-3.0,-17.1
Астрахань,2020-03-06,13.0,3.0
Волгоград,2020-03-13,15.6,1.2
Владивосток,2020-03-07,-0.8,-1.9
Ставрополь,2020-03-04,21.0,5.4
Анадырь,2020-03-06,-16.8,-27.0
Волгоград,2020-03-10,17.0,1.0
Иркутск,2020-03-13,2.1,-4.0
Майкоп,2020-03-22,17.4,3.2
Йошкар-Ола,2020-03-12,7.0,2.8
Курган,2020-03-17,3.7,-2.6
Казань,2020-03-29,13.0,1.0
Чебоксары,2020-03-01,0.0,-4.0
Якутск,2020-03-14,-16.4,-29.4
Саранск,2020-03-08,4.6,1.6
Йошкар-Ола,2020-03-14,6.4,1.6
Ставрополь,2020-03-16,1.0,-4.0
Чита,2020-03-15,7.1,-16.1
Тамбов,2020-03-21,8.2,-3.0
Нальчик,2020-03-30,12.0,9.0
Киров,2020-03-01,-1.1,-5.1
Архангельск,2020-03-07,4.1,-2.1
Благовещенск,2020-03-27,-0.2,-7.8
Оренбург,2020-03-12,5.4,-2.0
Омск,2020-03-02,1.3,-11.0
Ханты-Мансийск,2020-03-06,-10.0,-20.3
Санкт-Петербург,2020-03-27,11.0,-2.0
Екатеринбург,2020-03-19,6.3,1.0
Калининград,2020-03-06,8.3,1.0
Благовещенск,2020-03-31,7.8,-0.3
Москва,2020-03-17,9.3,0.5
Курск,2020-03-22,1.5,-3.8
Абакан,2020-03-31,15.0,-8.0
Владимир,2020-03-10,5.4,1.0
Биробиджан,2020-03-10,0.3,-17.4
Петропавловск-Камчатский,2020-03-14,2.0,-10.0
Кызыл,2020-03-03,-8.9,-24.0
Владивосток,2020-03-09,5.0,-3.6
Архангельск,2020-03-20,-2.2,-13.0
Улан-Удэ,2020-03-02,-4.0,-25.0
Краснодар,2020-03-19,6.0,3.0
Благовещенск,2020-03-30,12.4,-2.1
Архангельск,2020-03-11,3.3,0.8
Тула,2020-03-28,16.8,0.5
Пенза,2020-03-05,3.3,0.1
Благовещенск,2020-03-21,4.6,-5.6
Омск,2020-03-26,1.5,-8.0
Вологда,2020-03-26,10.9,3.1
Екатеринбург,2020-03-18,4.1,-6.0
Петропавловск-Камчатский,2020-03-08,1.0,-13.0
Калининград,2020-03-04,9.0,1.9
Южно-Сахалинск,2020-03-22,5.3,-12.0
Ростов,2020-03-27,15.1,-1.6
Ставрополь,2020-03-14,18.0,5.0
Нижний Новгород,2020-03-19,9.0,1.0
Тула,2020-03-02,4.8,1.9
Владимир,2020-03-30,5.6,-2.4
Петрозаводск,2020-03-10,7.3,1.4
Магадан,2020-03-25,1.5,-21.0
Краснодар,2020-03-08,23.0,3.0
Нальчик,2020-03-13,20.0,4.0
Биробиджан,2020-03-21,7.2,-5.5
Астрахань,2020-03-22,15.0,0.0
Уфа,2020-03-04,0.5,-6.0
Южно-Сахалинск,2020-03-07,1.1,-5.3
Владивосток,2020-03-25,4.3,-0.6
Ижевск,2020-03-14,4.6,-1.6
Майкоп,2020-03-05,23.2,8.6
Волгоград,2020-03-12,11.0,2.0
Нальчик,2020-03-15,9.0,0.0
Смоленск,2020-03-23,1.4,-7.0
Курган,2020-03-31,12.2,-0.8
Улан-Удэ,2020-03-08,-6.2,-17.0
Абакан,2020-03-30,8.0,-3.0
Пенза,2020-03-20,8.2,0.1
Саранск,2020-03-05,2.9,-0.5
Благовещенск,2020-03-08,2.2,-10.5
Саранск,2020-03-16,2.4,-3.5
Кызыл,2020-03-26,-2.7,-13.2
Томск,2020-03-05,-1.3,-14.8
Тверь,2020-03-08,6.5,2.8
Псков,2020-03-25,13.0,-4.3
Пермь,2020-03-20,3.7,-1.1
Якутск,2020-03-31,-1.8,-11.6
Тверь,2020-03-21,0.2,-5.7
Йошкар-Ола,2020-03-30,15.8,3.8
Пермь,2020-03-30,13.6,3.9
Уфа,2020-03-12,5.7,2.0
Чита,2020-03-14,3.0,-15.0
Ставрополь,2020-03-30,10.2,7.0
Новосибирск,2020-03-08,-5.0,-11.0
Томск,2020-03-08,-5.8,-14.9
Сыктывкар,2020-03-23,4.8,-14.4
Тюмень,2020-03-15,0.9,-1.2
Петрозаводск,2020-03-03,1.0,-3.7
Калуга,2020-03-11,8.0,5.0
Абакан,2020-03-02,-2.0,-14.0
Якутск,2020-03-16,-9.5,-23.3
Пенза,2020-03-25,7.1,-10.8
Петропавловск-Камчатский,2020-03-05,-2.0,-15.0
Самара,2020-03-30,15.6,3.0
Тула,2020-03-23,0.2,-5.7
Киров,2020-03-19,3.6,0.7
Нижний Новгород,2020-03-01,3.0,-8.0
Ставрополь,2020-03-01,3.8,-3.0
Киров,2020-03-25,3.5,-4.8
Москва,2020-03-26,16.2,0.6
Екатеринбург,2020-03-11,8.7,0.5
Псков,2020-03-04,6.0,2.4
Салехард,2020-03-22,-7.0,-23.3
Барнаул,2020-03-15,6.0,1.0
Кемерово,2020-03-14,4.5,-11.8
Салехард,2020-03-21,-10.1,-23.3
Ставрополь,2020-03-18,2.6,-2.2
Новосибирск,2020-03-28,3.0,-5.0
Санкт-Петербург,2020-03-20,3.6,-2.0
Петропавловск-Камчатский,2020-03-09,0.0,-6.0
Казань,2020-03-24,1.0,-8.0
Махачкала,2020-03-09,8.3,5.2
Благовещенск,2020-03-11,0.7,-17.3
Йошкар-Ола,2020-03-15,6.0,-1.5
Брянск,2020-03-21,6.0,-0.6
Ижевск,2020-03-29,10.8,1.7
Владивосток,2020-03-16,0.7,-4.2
Тверь,2020-03-26,15.8,0.6
Биробиджан,2020-03-04,-1.6,-16.1
Волгоград,2020-03-27,16.3,-0.6
Ростов,2020-03-05,4.0,1.3
Томск,2020-03-12,-1.7,-4.8
Хабаровск,2020-03-15,-2.0,-10.4
Рязань,2020-03-05,5.3,2.0
Якутск,2020-03-30,0.8,-16.8
Петропавловск-Камчатский,2020-03-07,1.0,-15.0
Краснодар,2020-03-13,19.0,0.0
Ростов,2020-03-01,4.2,-9.7
Петрозаводск,2020-03-29,2.0,-7.0
Тверь,2020-03-07,5.8,0.3
Ижевск,2020-03-10,1.9,0.8
Йошкар-Ола,2020-03-02,3.9,-3.0
Биробиджан,2020-03-07,-0.7,-14.2
Владимир,2020-03-16,4.2,-9.1
Вологда,2020-03-11,2.8,1.0
Ижевск,2020-03-07,1.0,-5.1
Владивосток,2020-03-11,0.0,-5.7
Барнаул,2020-03-20,3.7,-1.6
Хабаровск,2020-03-13,-3.1,-12.6
Архангельск,2020-03-19,1.6,-3.0
Кемерово,2020-03-11,-3.5,-16.9
Ростов,2020-03-31,-0.5,-4.7
Нальчик,2020-03-04,20.3,3.0
Оренбург,2020-03-27,11.8,-5.0
Смоленск,2020-03-31,1.3,-6.4
Чита,2020-03-26,-4.9,-15.8
Иркутск,2020-03-01,-2.1,-14.0
Омск,2020-03-25,0.6,-9.0
Нижний Новгород,2020-03-29,16.0,4.0
Петропавловск-Камчатский,2020-03-15,4.0,-6.0
Пенза,2020-03-06,4.6,-1.4
Абакан,2020-03-12,4.0,-6.0
Нижний Новгород,2020-03-20,6.0,-1.0
Иваново,2020-03-08,6.4,2.6
Ростов,2020-03-14,3.4,-3.1
Новосибирск,2020-03-13,2.0,-7.0
Южно-Сахалинск,2020-03-03,-4.5,-22.0
Владивосток,2020-03-08,1.7,-1.7
Петрозаводск,2020-03-26,11.0,3.0
Салехард,2020-03-05,-12.0,-25.2
Владимир,2020-03-28,17.0,0.1
Астрахань,2020-03-27,18.0,2.0
Владимир,2020-03-09,9.6,1.4
Тамбов,2020-03-07,8.2,3.6
Рязань,2020-03-04,5.3,0.6
Биробиджан,2020-03-11,3.0,-11.3
Салехард,2020-03-04,-6.6,-12.6
Иваново,2020-03-09,8.9,1.0
Южно-Сахалинск,2020-03-05,0.0,-4.9
Орел,2020-03-10,15.0,7.2
Смоленск,2020-03-27,16.0,-0.3
Владимир,2020-03-05,4.7,0.9
Якутск,2020-03-13,-15.8,-35.0
Ставрополь,2020-03-26,13.6,0.7
Тамбов,2020-03-10,18.4,5.0
Тамбов,2020-03-28,14.8,-0.1
Ханты-Мансийск,2020-03-16,-3.0,-12.0
Тула,2020-03-22,0.5,-5.2
Оренбург,2020-03-10,5.0,-3.0
Кострома,2020-03-04,2.2,0.0
Нижний Новгород,2020-03-28,16.5,-1.0
Иваново,2020-03-12,6.7,3.0
Нальчик,2020-03-25,10.0,2.6
Биробиджан,2020-03-29,11.5,-0.3
Махачкала,2020-03-16,8.6,2.5
Петропавловск-Камчатский,2020-03-03,0.0,-16.0
Иркутск,2020-03-31,11.7,-6.4
Астрахань,2020-03-13,18.0,2.0
Якутск,2020-03-05,-12.6,-30.7
Кызыл,2020-03-04,-8.0,-18.9
Курган,2020-03-11,3.2,-3.4
Магадан,2020-03-30,-3.9,-26.0
Новосибирск,2020-03-23,-4.0,-16.0
Мурманск,2020-03-09,4.0,-1.5
Благовещенск,2020-03-04,-2.5,-19.4
Петрозаводск,2020-03-07,5.0,-2.3
Тамбов,2020-03-02,5.7,1.3
Магадан,2020-03-27,0.7,-7.0
Воронеж,2020-03-27,17.6,3.8
Липецк,2020-03-06,11.5,0.9
Пермь,2020-03-15,4.8,-2.3
Киров,2020-03-31,-2.0,-3.7
Ростов,2020-03-08,7.1,2.8
Южно-Сахалинск,2020-03-17,2.4,-14.5
Элиста,2020-03-24,9.0,-1.0
Калуга,2020-03-16,5.0,-8.0
Кемерово,2020-03-20,4.0,-1.9
Нальчик,2020-03-17,0.5,-2.0
Екатеринбург,2020-03-26,6.2,-1.1
Псков,2020-03-08,7.5,0.0
Ростов,2020-03-21,-0.5,-5.7
Кострома,2020-03-10,2.5,0.9
Санкт-Петербург,2020-03-01,3.3,-3.0
Орел,2020-03-28,17.0,0.4
Владимир,2020-03-29,15.5,5.3
Калуга,2020-03-12,10.0,4.0
Кострома,2020-03-25,10.5,-3.9
Омск,2020-03-12,4.3,-6.0
Самара,2020-03-03,5.1,-2.0
Уфа,2020-03-02,3.6,-10.2
Нальчик,2020-03-22,15.0,2.0
Курск,2020-03-20,10.1,2.6
Хабаровск,2020-03-31,9.0,-1.0
Брянск,2020-03-08,10.4,5.5
Брянск,2020-03-22,2.0,-3.3
Курган,2020-03-27,8.3,-1.5
Санкт-Петербург,2020-03-07,4.0,-3.0
Абакан,2020-03-27,11.0,-5.0
Петропавловск-Камчатский,2020-03-25,4.0,0.0
Смоленск,2020-03-20,9.2,-1.1
Абакан,2020-03-19,4.0,-2.0
Волгоград,2020-03-30,18.7,2.7
Тула,2020-03-19,12.2,4.5
Архангельск,2020-03-10,3.1,2.0
Тамбов,2020-03-03,4.0,1.8
Владимир,2020-03-19,10.9,-0.1
Тула,2020-03-10,12.5,6.0
Томск,2020-03-17,3.5,-4.2
Курск,2020-03-13,10.1,5.5
Омск,2020-03-16,4.6,-2.8
Вологда,2020-03-15,-1.9,-8.5
Курск,2020-03-04,10.4,0.1
Воронеж,2020-03-08,16.3,6.0
Новосибирск,2020-03-14,2.0,-6.0
Оренбург,2020-03-21,5.3,-5.0
Петрозаводск,2020-03-15,0.0,-10.0
Владивосток,2020-03-21,8.7,1.7
Иваново,2020-03-20,4.3,-0.2
Магадан,2020-03-04,-7.0,-25.0
Новосибирск,2020-03-04,-1.0,-6.0
Сыктывкар,2020-03-09,1.5,-1.6
Нижний Новгород,2020-03-14,5.0,-2.0
Мурманск,2020-03-27,5.0,-2.0
Тамбов,2020-03-23,0.8,-7.0
Южно-Сахалинск,2020-03-19,4.0,-7.4
Майкоп,2020-03-30,13.6,8.4
Хабаровск,2020-03-19,2.0,-2.0
Томск,2020-03-13,6.1,-6.4
Мурманск,2020-03-25,4.0,0.0
Барнаул,2020-03-26,0.3,-12.2
Тула,2020-03-20,8.5,0.2
Архангельск,2020-03-26,4.4,-3.0
Тамбов,2020-03-18,10.4,-3.7
Владимир,2020-03-07,9.4,3.3
Тамбов,2020-03-15,1.7,-4.1
Чебоксары,2020-03-26,10.0,2.0
Орел,2020-03-06,8.9,4.3
Магадан,2020-03-17,-5.8,-14.0
Волгоград,2020-03-03,9.1,-4.2
Владимир,2020-03-20,5.1,-1.2
Чита,2020-03-10,1.4,-16.8
Магадан,2020-03-10,-7.0,-27.0
Краснодар,2020-03-07,20.0,5.0
Ростов,2020-03-17,4.8,0.8
Нижний Новгород,2020-03-18,9.0,-0.1
Махачкала,2020-03-12,12.6,2.2
Новосибирск,2020-03-24,-7.0,-16.0
Орел,2020-03-01,6.7,-1.6
Нальчик,2020-03-11,23.6,1.4
Иркутск,2020-03-20,5.2,-10.0
Курск,2020-03-26,12.2,-0.8
Якутск,2020-03-15,-13.1,-29.7
Курган,2020-03-19,7.3,-2.4
Воронеж,2020-03-01,6.9,-2.2
Астрахань,2020-03-31,20.0,8.0
Иркутск,2020-03-26,-0.6,-11.0
Кемерово,2020-03-19,0.8,-3.0
Нижний Новгород,2020-03-27,14.1,-2.0
Томск,2020-03-20,1.6,-3.7
Архангельск,2020-03-03,-3.0,-12.0
Тюмень,2020-03-18,3.8,-4.4
Кемерово,2020-03-29,4.5,-3.3
Хабаровск,2020-03-08,2.0,-3.0
Благовещенск,2020-03-06,-3.9,-19.4
Салехард,2020-03-19,-7.4,-12.1
Майкоп,2020-03-15,8.2,0.0
Рязань,2020-03-02,4.2,1.1
Южно-Сахалинск,2020-03-20,0.8,-2.4
Ставрополь,2020-03-10,16.3,2.5
Анадырь,2020-03-15,-3.0,-6.4
Махачкала,2020-03-19,7.5,3.5
Биробиджан,2020-03-17,5.8,-10.5
Самара,2020-03-29,14.8,-1.0
Томск,2020-03-19,0.5,-5.9
Нальчик,2020-03-08,20.5,3.7
Уфа,2020-03-27,9.1,-3.9
Кострома,2020-03-05,2.6,1.0
Петропавловск-Камчатский,2020-03-13,1.0,-5.0
Омск,2020-03-09,0.0,-5.1
Махачкала,2020-03-13,12.2,6.8
Салехард,2020-03-23,-1.5,-13.9
Пермь,2020-03-28,8.8,-1.8
Новосибирск,2020-03-26,1.0,-9.0
Салехард,2020-03-01,-0.7,-6.9
Благовещенск,2020-03-02,-2.6,-16.1
Ставрополь,2020-03-11,20.6,5.0
Нижний Новгород,2020-03-25,9.0,-5.0
Кострома,2020-03-17,3.8,1.7
Калуга,2020-03-29,17.0,2.0
Томск,2020-03-03,2.3,-10.5
Якутск,2020-03-25,-9.2,-18.4
Псков,2020-03-23,4.3,-9.9
Калуга,2020-03-19,12.0,3.0
Санкт-Петербург,2020-03-19,7.0,0.0
Сыктывкар,2020-03-27,8.6,-2.7
Петрозаводск,2020-03-20,1.0,-8.4
Смоленск,2020-03-15,1.0,-5.8
Псков,2020-03-12,8.0,3.0
Владивосток,2020-03-15,-1.3,-7.0
Магадан,2020-03-01,-1.0,-27.0
Самара,2020-03-17,6.7,-8.0
Екатеринбург,2020-03-01,2.6,-7.0
Москва,2020-03-13,6.2,2.9
Калининград,2020-03-31,3.7,-2.1
Курган,2020-03-22,0.1,-6.1
Тамбов,2020-03-13,11.5,3.2
Омск,2020-03-23,0.1,-10.6
Киров,2020-03-11,6.5,1.0
Нижний Новгород,2020-03-12,11.7,3.0
Орел,2020-03-30,12.8,-1.0
Сыктывкар,2020-03-31,0.0,-7.4
Иваново,2020-03-17,4.7,-0.1
Иваново,2020-03-23,1.6,-6.7
Тамбов,2020-03-04,5.1,1.7
Воронеж,2020-03-28,16.4,4.7
Рязань,2020-03-15,-1.7,-5.0
Нижний Новгород,2020-03-04,3.0,-1.0
Владикавказ,2020-03-21,7.7,4.5
Петропавловск-Камчатский,2020-03-10,3.0,-9.0
Санкт-Петербург,2020-03-31,3.0,-8.0
Томск,2020-03-04,-0.4,-11.1
Ставрополь,2020-03-21,12.0,2.7
Иркутск,2020-03-23,9.6,-0.5
Смоленск,2020-03-02,5.3,0.6
Ханты-Мансийск,2020-03-29,9.0,-1.4
Саранск,2020-03-13,8.9,1.1
Махачкала,2020-03-22,9.4,6.4
Мурманск,2020-03-31,-3.3,-20.0
Кемерово,2020-03-17,2.7,-3.8
Екатеринбург,2020-03-21,1.6,-4.0
Калуга,2020-03-31,-2.0,-6.0
Оренбург,2020-03-15,5.3,-1.0
Иркутск,2020-03-12,3.2,-18.0
Сыктывкар,2020-03-14,4.1,-6.0
Орел,2020-03-19,14.5,3.3
Улан-Удэ,2020-03-21,8.1,-7.7
Липецк,2020-03-08,14.0,4.2
Рязань,2020-03-07,7.0,4.1
Мурманск,2020-03-30,-3.0,-14.0
Владивосток,2020-03-13,-1.2,-6.4
Воронеж,2020-03-02,6.7,2.0
Калуга,2020-03-05,10.0,3.0
Волгоград,2020-03-16,2.3,-8.0
Иркутск,2020-03-06,1.9,-13.0
Рязань,2020-03-22,0.9,-5.4
Элиста,2020-03-14,19.2,1.0
Калуга,2020-03-01,5.0,-1.0
Барнаул,2020-03-08,-4.4,-18.0
Ростов,2020-03-23,2.1,-7.2
Оренбург,2020-03-20,5.5,0.9
Элиста,2020-03-23,16.0,2.0
Нальчик,2020-03-20,10.0,2.0
Петрозаводск,2020-03-27,11.0,2.0
Липецк,2020-03-04,9.0,1.0
Нальчик,2020-03-12,19.0,7.3
Рязань,2020-03-12,8.9,5.0
Тула,2020-03-06,7.1,3.0
Курган,2020-03-29,11.8,0.7
Великий Новгород,2020-03-19,10.3,2.1
Тверь,2020-03-13,5.0,2.8
Сыктывкар,2020-03-20,1.1,-6.0
Южно-Сахалинск,2020-03-26,4.3,-6.0
Великий Новгород,2020-03-07,3.9,-3.0
Абакан,2020-03-04,1.0,-4.0
Тамбов,2020-03-20,9.8,0.8
Томск,2020-03-18,0.1,-3.3
Элиста,2020-03-02,10.0,-3.0
Хабаровск,2020-03-10,0.3,-12.9
Орел,2020-03-02,6.2,2.2
Новосибирск,2020-03-25,-1.0,-12.0
Сыктывкар,2020-03-28,9.2,-2.0
Смоленск,2020-03-10,7.5,3.9
Кызыл,2020-03-07,-3.9,-20.6
Анадырь,2020-03-08,-25.0,-31.0
Якутск,2020-03-01,-13.8,-30.0
Элиста,2020-03-01,8.0,0.0
Хабаровск,2020-03-12,2.2,-10.5
Ижевск,2020-03-13,4.5,1.4
Кемерово,2020-03-12,-0.1,-9.9
Чебоксары,2020-03-19,5.0,2.0
Хабаровск,2020-03-09,1.2,-13.0
Чебоксары,2020-03-17,4.0,-2.0
Иваново,2020-03-21,-0.6,-5.0
Владимир,2020-03-01,3.6,-6.5
Ростов,2020-03-03,3.2,1.3
Воронеж,2020-03-10,19.4,7.8
Пенза,2020-03-19,10.9,0.5
Казань,2020-03-26,11.0,0.9
Казань,2020-03-06,3.5,-4.0
Чебоксары,2020-03-09,4.0,-1.0
Нальчик,2020-03-16,0.1,-1.1
Магадан,2020-03-13,-12.0,-29.0
Пенза,2020-03-01,3.2,-5.6
Ижевск,2020-03-20,2.8,-0.6
Киров,2020-03-09,3.2,0.7
Улан-Удэ,2020-03-24,7.9,-10.0
Иваново,2020-03-24,3.2,-5.2
Пермь,2020-03-02,0.7,-7.4
Астрахань,2020-03-20,9.0,3.0
Ростов,2020-03-06,6.0,2.0
Тверь,2020-03-19,10.1,1.9
Рязань,2020-03-21,3.1,-2.1
Калуга,2020-03-25,10.0,-8.0
Томск,2020-03-06,-8.3,-19.2
Екатеринбург,2020-03-10,2.1,-0.7
Кострома,2020-03-24,3.7,-7.4
Кызыл,2020-03-28,2.2,-11.8
Архангельск,2020-03-24,3.0,-5.0
Иркутск,2020-03-05,1.6,-14.0
Владивосток,2020-03-02,-0.9,-7.5
Благовещенск,2020-03-23,4.5,-6.1
Кызыл,2020-03-31,4.2,-9.4
Тверь,2020-03-24,4.9,-9.4
Казань,2020-03-10,4.1,1.0
Йошкар-Ола,2020-03-11,9.4,2.5
Тверь,2020-03-17,6.4,1.3
Благовещенск,2020-03-05,-2.3,-17.3
Пермь,2020-03-26,5.1,-1.9
Анадырь,2020-03-04,-12.0,-20.0
Уфа,2020-03-24,6.3,-2.1
Москва,2020-03-12,9.1,4.2
Сыктывкар,2020-03-25,3.5,-1.5
Архангельск,2020-03-30,-1.6,-10.0
Вологда,2020-03-20,3.8,-3.6
Курган,2020-03-13,3.5,0.8
Саранск,2020-03-10,11.5,1.3
Калуга,2020-03-06,7.0,4.0
Владимир,2020-03-26,15.7,0.3
Магадан,2020-03-19,-5.6,-28.0
Абакан,2020-03-08,-4.0,-12.0
Анадырь,2020-03-14,-5.0,-14.9
Петропавловск-Камчатский,2020-03-12,3.0,-4.0
Ижевск,2020-03-08,0.5,-2.6
Тула,2020-03-31,-1.0,-5.3
Екатеринбург,2020-03-07,4.0,-3.0
Сыктывкар,2020-03-29,8.9,-1.0
Курск,2020-03-16,4.3,-5.0
Калуга,2020-03-04,8.0,3.0
Пермь,2020-03-07,-1.5,-4.2
Благовещенск,2020-03-17,1.7,-9.5
Благовещенск,2020-03-18,3.4,-5.2
Липецк,2020-03-31,1.5,-7.0
Рязань,2020-03-19,13.1,4.1
Тверь,2020-03-14,1.9,-5.7
Чита,2020-03-30,2.9,-6.0
Волгоград,2020-03-09,11.5,0.6
Чита,2020-03-08,-4.1,-21.5
Челябинск,2020-03-18,4.0,-0.7
Тюмень,2020-03-09,1.4,-0.1
Анадырь,2020-03-19,0.0,-13.4
Брянск,2020-03-06,12.0,7.4
Смоленск,2020-03-21,4.8,-2.1
Чита,2020-03-18,4.8,-11.0
Майкоп,2020-03-06,22.0,9.2
Магадан,2020-03-09,-5.0,-13.0
Мурманск,2020-03-11,-3.0,-11.0
Вологда,2020-03-04,1.0,-0.3
Пермь,2020-03-06,2.2,-14.5
Махачкала,2020-03-02,7.7,-1.1
Элиста,2020-03-26,18.0,0.0
Псков,2020-03-27,15.7,-5.5
Магадан,2020-03-14,-8.0,-15.0
Псков,2020-03-29,5.0,-4.0
Псков,2020-03-07,5.0,-1.8
Астрахань,2020-03-23,16.0,3.0
Вологда,2020-03-31,0.0,-7.8
Астрахань,2020-03-19,6.0,4.0
Элиста,2020-03-31,17.0,5.0
Оренбург,2020-03-25,10.1,-1.0
Улан-Удэ,2020-03-10,-1.9,-19.0
Пермь,2020-03-08,-1.1,-2.4
Тюмень,2020-03-06,-2.8,-13.7
Майкоп,2020-03-28,19.9,3.5
Оренбург,2020-03-07,-3.8,-15.0
Йошкар-Ола,2020-03-20,4.6,-0.6
Магадан,2020-03-21,-2.0,-11.0
Саранск,2020-03-17,6.9,-4.3
Ставрополь,2020-03-06,10.3,2.5
Санкт-Петербург,2020-03-22,2.3,-6.0
Ханты-Мансийск,2020-03-09,-0.2,-11.0
Астрахань,2020-03-01,10.0,-2.0
Орел,2020-03-29,16.8,4.3
Калуга,2020-03-17,9.0,0.0
Майкоп,2020-03-14,16.8,7.9
Архангельск,2020-03-28,6.5,-2.0
Липецк,2020-03-18,11.1,-4.2
Орел,2020-03-16,4.3,-9.0
Южно-Сахалинск,2020-03-23,3.4,-8.0
Архангельск,2020-03-17,3.0,-6.0
Ижевск,2020-03-21,1.5,-3.8
Чебоксары,2020-03-14,5.0,0.0
Пермь,2020-03-21,0.7,-4.5
Москва,2020-03-21,0.6,-3.1
Санкт-Петербург,2020-03-05,5.7,2.0
Самара,2020-03-02,5.5,-3.3
Казань,2020-03-09,4.5,1.0
Махачкала,2020-03-30,14.9,6.7
Санкт-Петербург,2020-03-30,2.8,-8.0
Вологда,2020-03-07,2.0,-1.0
Абакан,2020-03-09,1.0,-6.0
Кемерово,2020-03-22,5.5,-3.8
Майкоп,2020-03-13,17.0,4.9
Биробиджан,2020-03-12,0.1,-11.2
Иваново,2020-03-16,3.5,-13.2
Грозный,2020-03-15,8.5,5.4
Салехард,2020-03-02,-3.8,-11.9
Тамбов,2020-03-05,5.0,1.1
Анадырь,2020-03-03,-15.0,-21.1
Иваново,2020-03-31,-2.9,-4.6
Ханты-Мансийск,2020-03-27,3.7,-4.0
Смоленск,2020-03-13,6.6,2.9
Краснодар,2020-03-03,18.0,0.0
Чебоксары,2020-03-21,0.0,-5.0
Краснодар,2020-03-24,4.0,0.0
Краснодар,2020-03-29,17.0,8.0
Владивосток,2020-03-20,6.6,2.1
Петропавловск-Камчатский,2020-03-18,0.0,-8.0
Ростов,2020-03-24,3.6,-7.3
Благовещенск,2020-03-26,3.4,-5.7
Ижевск,2020-03-25,-0.4,-3.6
Тамбов,2020-03-08,15.6,3.9
Тюмень,2020-03-31,12.9,2.5
Элиста,2020-03-25,9.2,-2.1
Петрозаводск,2020-03-25,11.6,-0.3
Тверь,2020-03-29,14.4,-1.1
Иваново,2020-03-13,5.8,2.3
Саранск,2020-03-15,3.2,-0.5
Биробиджан,2020-03-24,10.3,-4.9
Чебоксары,2020-03-30,15.0,4.0
Кемерово,2020-03-30,5.9,-4.5
Улан-Удэ,2020-03-27,4.0,-10.0
Йошкар-Ола,2020-03-27,12.1,-0.2
Курган,2020-03-18,4.0,-2.3
Тамбов,2020-03-17,9.1,-5.1
Кызыл,2020-03-08,-11.5,-23.0
Абакан,2020-03-24,-6.0,-16.0
Нижний Новгород,2020-03-06,6.0,-0.4
Биробиджан,2020-03-30,14.2,-1.3
Махачкала,2020-03-31,17.0,11.9
Мурманск,2020-03-19,-2.0,-11.0
Тула,2020-03-08,9.2,6.0
Абакан,2020-03-14,5.0,-7.0
Майкоп,2020-03-02,11.3,-1.7
Йошкар-Ола,2020-03-10,4.1,-4.5
Пенза,2020-03-11,11.7,2.5
Орел,2020-03-03,4.9,2.6
Тверь,2020-03-18,8.8,1.2
Курган,2020-03-08,4.5,-4.4
Южно-Сахалинск,2020-03-21,0.4,-9.0
Архангельск,2020-03-14,-1.6,-8.0
Мурманск,2020-03-08,0.0,-14.0
Казань,2020-03-05,1.2,-4.0
Тюмень,2020-03-23,0.0,-11.2
Томск,2020-03-09,-1.3,-8.7
Калуга,2020-03-24,4.0,-7.0
Казань,2020-03-13,6.9,2.0
Чита,2020-03-21,3.5,-13.7
Оренбург,2020-03-28,12.1,-3.6
Рязань,2020-03-24,4.1,-5.5
Астрахань,2020-03-05,18.0,-2.0
Вологда,2020-03-08,3.5,0.6
Анадырь,2020-03-31,-1.0,-13.0
Мурманск,2020-03-14,-6.0,-22.0
Рязань,2020-03-10,14.9,4.0
Нальчик,2020-03-03,14.0,-5.1
Петрозаводск,2020-03-18,4.0,0.3
Тверь,2020-03-02,4.4,1.2
Казань,2020-03-02,4.6,-4.1
Якутск,2020-03-18,-9.8,-25.4
Махачкала,2020-03-01,6.0,1.4
Владимир,2020-03-08,7.5,3.2
Смоленск,2020-03-25,10.3,-5.6
Абакан,2020-03-26,7.0,-6.0
Барнаул,2020-03-31,8.0,-6.4
Псков,2020-03-09,8.3,-0.1
Тула,2020-03-21,1.4,-3.2
Саранск,2020-03-25,6.9,-9.2
Орел,2020-03-05,14.1,3.5
Смоленск,2020-03-09,10.2,2.1
Нижний Новгород,2020-03-05,3.0,-0.1
Псков,2020-03-26,15.3,-3.1
Великий Новгород,2020-03-25,12.6,-3.4
Петропавловск-Камчатский,2020-03-22,2.0,0.0
Саранск,2020-03-28,13.3,-0.8
Барнаул,2020-03-02,5.0,-7.4
Якутск,2020-03-07,-5.8,-18.8
Оренбург,2020-03-14,6.6,1.0
Томск,2020-03-15,6.4,-0.8
Оренбург,2020-03-02,1.4,-13.0
Владивосток,2020-03-18,7.2,2.0
Магадан,2020-03-22,-1.0,-5.0
Москва,2020-03-20,5.8,1.4
Кемерово,2020-03-23,-4.7,-10.2
Орел,2020-03-11,10.0,2.9
Иркутск,2020-03-27,7.9,-11.0
Уфа,2020-03-15,3.4,0.0
Биробиджан,2020-03-01,-1.1,-15.4
Астрахань,2020-03-24,16.0,4.0
Омск,2020-03-08,-1.7,-6.7
Астрахань,2020-03-04,18.0,0.0
Пенза,2020-03-26,13.9,-0.7
Екатеринбург,2020-03-14,4.3,0.0
Воронеж,2020-03-05,13.4,3.2
Махачкала,2020-03-18,5.9,4.1
Биробиджан,2020-03-26,7.6,-3.8
Нижний Новгород,2020-03-08,6.0,1.8
Рязань,2020-03-23,1.3,-5.7
Вологда,2020-03-14,0.7,-5.2
Владимир,2020-03-25,10.6,-4.7
Благовещенск,2020-03-12,-4.2,-17.2
Брянск,2020-03-07,15.0,6.0
Махачкала,2020-03-28,11.2,7.4
Курск,2020-03-24,3.6,-5.3
Ханты-Мансийск,2020-03-18,0.0,-6.2
Томск,2020-03-01,4.9,-11.6
Курган,2020-03-24,1.9,-8.3
Тула,2020-03-27,15.9,-2.4
Кемерово,2020-03-25,-2.1,-16.2
Салехард,2020-03-03,-7.3,-14.5
Калуга,2020-03-07,12.0,3.0
Владивосток,2020-03-01,-0.8,-7.1
Улан-Удэ,2020-03-01,-2.5,-16.4
Чебоксары,2020-03-31,10.0,-1.0
Великий Новгород,2020-03-30,2.9,-5.3
Майкоп,2020-03-20,9.4,1.8
Магадан,2020-03-16,-7.6,-17.0
Калуга,2020-03-15,-1.0,-6.0
Воронеж,2020-03-18,11.0,-1.2
Ростов,2020-03-30,-0.2,-4.0
Чебоксары,2020-03-12,7.0,2.0
Санкт-Петербург,2020-03-16,3.0,-0.5
Тюмень,2020-03-28,7.9,-5.3
Нальчик,2020-03-21,12.0,5.0
Элиста,2020-03-28,19.0,-1.0
Йошкар-Ола,2020-03-21,-0.3,-4.7
Кострома,2020-03-16,4.7,-10.7
Самара,2020-03-04,2.0,-1.1
Новосибирск,2020-03-15,4.0,2.0
Пенза,2020-03-16,4.6,-4.4
Магадан,2020-03-15,-7.0,-31.0
Курган,2020-03-25,3.2,-5.6
Кемерово,2020-03-01,2.1,-10.9
Тула,2020-03-04,5.8,2.6
Липецк,2020-03-16,3.0,-5.1
Тюмень,2020-03-08,3.0,-1.6
Орел,2020-03-07,12.6,3.9
Петропавловск-Камчатский,2020-03-16,2.0,-4.0
Мурманск,2020-03-29,-4.0,-8.0
Анадырь,2020-03-02,-17.0,-22.3
Южно-Сахалинск,2020-03-13,1.0,-16.0
Ростов,2020-03-29,15.3,1.6
Йошкар-Ола,2020-03-07,6.2,1.2
Саранск,2020-03-19,8.1,1.6
Орел,2020-03-17,8.9,0.2
Барнаул,2020-03-12,2.0,-14.1
Нижний Новгород,2020-03-09,6.0,-2.0
Владимир,2020-03-22,0.4,-9.6
Магадан,2020-03-24,1.0,-15.0
Тверь,2020-03-09,7.7,2.3
Чита,2020-03-07,0.9,-20.9
Самара,2020-03-27,11.5,-2.5
Томск,2020-03-07,-10.3,-22.9
Москва,2020-03-05,7.6,2.4
Чебоксары,2020-03-13,5.0,1.0
Екатеринбург,2020-03-04,2.0,-5.0
Анадырь,2020-03-28,-12.0,-24.0
Орел,2020-03-22,1.7,-4.0
Волгоград,2020-03-14,16.2,0.0
Владивосток,2020-03-19,4.0,-0.7
Воронеж,2020-03-21,7.2,0.2
Чебоксары,2020-03-20,3.0,0.0
Ханты-Мансийск,2020-03-26,1.0,-3.0
Астрахань,2020-03-30,19.0,6.0
Кострома,2020-03-06,5.9,1.6
Иркутск,2020-03-18,5.0,-5.0
Курган,2020-03-15,4.8,0.1
Псков,2020-03-24,7.0,-8.4
Калуга,2020-03-18,9.0,-1.0
Казань,2020-03-12,8.4,2.0
Чита,2020-03-22,8.5,-9.0
Калининград,2020-03-22,4.0,-3.0
Йошкар-Ола,2020-03-28,14.6,-0.2
Хабаровск,2020-03-25,13.0,-3.8
Архангельск,2020-03-12,2.0,0.7
Псков,2020-03-13,6.6,-0.8
Чебоксары,2020-03-02,3.0,0.0
Владимир,2020-03-12,6.7,4.1
Иркутск,2020-03-03,-1.0,-16.5
Казань,2020-03-19,6.0,3.0
Великий Новгород,2020-03-27,10.1,-4.2
Пенза,2020-03-31,17.7,0.2
Тверь,2020-03-27,14.1,-3.6
Тверь,2020-03-01,3.6,-6.2
Курск,2020-03-19,14.8,2.1
Челябинск,2020-03-14,4.1,0.9
Барнаул,2020-03-06,-4.6,-18.0
Пенза,2020-03-12,9.4,2.9
Пенза,2020-03-17,8.1,-5.0
Улан-Удэ,2020-03-26,-2.6,-11.9
Пермь,2020-03-13,5.8,1.9
Тула,2020-03-14,5.0,-1.6
Сыктывкар,2020-03-07,3.0,-5.0
Киров,2020-03-29,12.5,3.9
Воронеж,2020-03-26,15.1,-1.0
Кемерово,2020-03-02,2.8,-14.0
Иваново,2020-03-29,15.9,4.6
Архангельск,2020-03-13,1.0,-3.0
Нижний Новгород,2020-03-30,15.3,0.0
Майкоп,2020-03-10,26.2,11.4
Киров,2020-03-03,2.4,0.6
Тверь,2020-03-25,13.9,-1.1
Петрозаводск,2020-03-13,3.7,-3.0
Кострома,2020-03-09,4.4,0.6
Магадан,2020-03-18,-7.0,-28.0
Курган,2020-03-26,6.9,-3.4
Екатеринбург,2020-03-22,-1.0,-8.0
Липецк,2020-03-02,5.0,1.7
Тула,2020-03-09,9.1,1.5
Кызыл,2020-03-14,-12.6,-20.8
Майкоп,2020-03-24,3.7,0.6
Южно-Сахалинск,2020-03-02,-2.0,-20.0
Кострома,2020-03-07,5.2,1.5
Краснодар,2020-03-27,18.0,6.0
Тула,2020-03-18,10.0,-1.4
Вологда,2020-03-10,4.4,-1.2
Орел,2020-03-18,10.2,-1.6
Уфа,2020-03-29,8.3,-4.0
Волгоград,2020-03-19,11.1,-0.6
Махачкала,2020-03-24,10.7,6.8
Кемерово,2020-03-27,3.4,-7.3
Киров,2020-03-24,-1.0,-5.6
Иваново,2020-03-25,10.5,-5.4
Владимир,2020-03-13,5.9,2.2
Архангельск,2020-03-02,2.1,-10.6
Кызыл,2020-03-13,-3.8,-17.9
Тюмень,2020-03-01,1.5,-2.5
Брянск,2020-03-19,13.0,4.0
Кострома,2020-03-22,-0.8,-8.9
Южно-Сахалинск,2020-03-15,0.1,-18.0
Мурманск,2020-03-01,-11.1,-31.0
Новосибирск,2020-03-10,-2.0,-16.0
Краснодар,2020-03-30,16.0,8.0
Чебоксары,2020-03-08,4.0,2.0
Самара,2020-03-10,9.3,1.0
Йошкар-Ола,2020-03-09,5.4,-1.8
Новосибирск,2020-03-12,0.0,-6.0
Биробиджан,2020-03-08,1.0,-5.1
Абакан,2020-03-20,5.0,-1.0
Петропавловск-Камчатский,2020-03-29,2.0,-5.0
Мурманск,2020-03-06,-2.0,-6.0
Вологда,2020-03-22,-0.9,-9.5
Великий Новгород,2020-03-14,0.6,-4.2
Вологда,2020-03-19,4.7,0.7
Элиста,2020-03-09,10.0,-1.0
Орел,2020-03-09,10.3,6.2
Мурманск,2020-03-03,-2.8,-15.0
Новосибирск,2020-03-16,4.0,-6.0
Астрахань,2020-03-03,10.0,-1.0
Тюмень,2020-03-10,1.4,-0.8
Брянск,2020-03-15,-1.0,-6.9
Ижевск,2020-03-27,9.0,-1.3
Пенза,2020-03-14,4.6,0.3
Брянск,2020-03-31,0.0,-4.8
Уфа,2020-03-20,2.9,-1.0
Курск,2020-03-08,10.2,6.4
Пермь,2020-03-29,10.4,2.2
Киров,2020-03-22,-2.3,-10.2
Томск,2020-03-24,-5.9,-16.1
Улан-Удэ,2020-03-05,-2.8,-22.0
Курган,2020-03-23,2.3,-8.0
Воронеж,2020-03-30,15.9,7.0
Петропавловск-Камчатский,2020-03-26,6.0,1.0
Улан-Удэ,2020-03-03,-6.0,-26.0
Самара,2020-03-25,2.7,-6.0
Москва,2020-03-04,7.2,3.2
Ижевск,2020-03-24,2.2,-5.3
Рязань,2020-03-16,5.0,-6.8
Анадырь,2020-03-25,0.0,-9.0
Хабаровск,2020-03-02,-0.5,-12.0
Якутск,2020-03-11,-16.6,-27.6
Ростов,2020-03-13,5.1,1.0
Хабаровск,2020-03-18,6.2,0.0
Казань,2020-03-31,15.0,0.0
Курган,2020-03-30,12.9,0.1
Екатеринбург,2020-03-02,2.0,-10.0
Барнаул,2020-03-19,0.4,-3.0
Ростов,2020-03-28,16.9,-0.7
Петропавловск-Камчатский,2020-03-21,3.0,1.0
Омск,2020-03-27,4.9,-2.0
Ижевск,2020-03-05,-2.5,-7.6
Великий Новгород,2020-03-13,6.7,-0.1
Элиста,2020-03-21,13.0,0.0
Хабаровск,2020-03-06,2.3,-11.2
Владимир,2020-03-06,7.1,1.1
Москва,2020-03-10,8.2,4.3
Тюмень,2020-03-12,10.9,-1.0
Тюмень,2020-03-17,-0.2,-4.4
Тюмень,2020-03-19,7.0,-2.0
Благовещенск,2020-03-16,1.2,-9.9
Хабаровск,2020-03-16,1.0,-7.1
Киров,2020-03-14,4.3,-1.1
Псков,2020-03-30,4.2,-6.0
Казань,2020-03-18,9.7,0.0
Ставрополь,2020-03-12,14.8,3.0
Улан-Удэ,2020-03-31,9.1,-6.2
Казань,2020-03-23,-0.9,-7.0
Курск,2020-03-06,11.4,4.0
Тверь,2020-03-11,9.1,5.0
Ижевск,2020-03-03,3.8,0.6
Пермь,2020-03-24,2.0,-9.6
Магадан,2020-03-08,-13.0,-22.0
Махачкала,2020-03-07,10.6,7.1
Ханты-Мансийск,2020-03-30,8.0,1.0
Кызыл,2020-03-29,3.7,-8.1
Астрахань,2020-03-09,13.0,-3.0
Новосибирск,2020-03-19,1.0,-3.0
Архангельск,2020-03-27,7.5,-6.5
Липецк,2020-03-03,4.2,1.6
Мурманск,2020-03-20,-5.0,-13.0
Салехард,2020-03-24,1.5,-3.6
Екатеринбург,2020-03-12,13.8,2.0
Салехард,2020-03-06,-13.2,-31.3
Казань,2020-03-08,3.2,-0.2
Салехард,2020-03-18,-2.1,-10.8
Кызыл,2020-03-22,2.1,-10.2
Нижний Новгород,2020-03-22,0.0,-7.4
Смоленск,2020-03-01,5.1,-2.5
Биробиджан,2020-03-06,1.3,-15.5
Абакан,2020-03-11,-1.0,-14.0
Рязань,2020-03-17,10.3,-0.3
Екатеринбург,2020-03-27,6.8,-5.0
Киров,2020-03-06,4.4,-5.8
Тула,2020-03-15,-2.0,-5.4
Пенза,2020-03-22,-1.2,-3.8
Петропавловск-Камчатский,2020-03-28,2.0,-1.0
Иркутск,2020-03-07,-4.8,-14.0
Сыктывкар,2020-03-18,3.0,-6.0
Благовещенск,2020-03-25,14.7,-1.4
Брянск,2020-03-05,16.2,4.0
Майкоп,2020-03-23,13.9,1.7
Чита,2020-03-06,1.0,-16.0
Тверь,2020-03-20,6.8,-0.5
Южно-Сахалинск,2020-03-09,4.0,-4.0
Нальчик,2020-03-19,5.1,-1.0
Кострома,2020-03-12,6.9,2.0
Вологда,2020-03-24,2.7,-11.1
Курган,2020-03-04,4.3,-2.7
Курган,2020-03-09,3.7,-1.2
Барнаул,2020-03-21,8.3,-2.5
Тула,2020-03-29,16.5,1.0
Ставрополь,2020-03-03,17.0,-1.0
Екатеринбург,2020-03-24,2.8,-13.0
Ставрополь,2020-03-24,5.0,-2.0
Великий Новгород,2020-03-15,3.4,-5.9
Краснодар,2020-03-17,8.0,-6.0
Новосибирск,2020-03-18,1.0,-5.0
Тула,2020-03-12,10.3,4.0
Ростов,2020-03-15,-0.6,-6.4
Петропавловск-Камчатский,2020-03-19,-1.0,-7.0
Кемерово,2020-03-06,-8.3,-16.5
Салехард,2020-03-20,-7.2,-22.7
Владимир,2020-03-02,2.6,1.4
Самара,2020-03-07,2.6,-3.4
Барнаул,2020-03-05,0.0,-9.0
Улан-Удэ,2020-03-16,6.9,-5.0
Чебоксары,2020-03-15,4.0,-2.0
Махачкала,2020-03-05,8.1,3.3
Волгоград,2020-03-01,8.3,-4.0
Биробиджан,2020-03-22,6.0,-6.2
Тамбов,2020-03-24,4.3,-9.2
Курск,2020-03-01,6.7,-1.9
Липецк,2020-03-09,10.0,6.0
Грозный,2020-03-14,15.2,4.9
Тюмень,2020-03-22,1.1,-9.5
Абакан,2020-03-23,6.0,-9.0
Йошкар-Ола,2020-03-23,0.3,-8.6
Иваново,2020-03-26,13.4,1.5
Кострома,2020-03-13,5.4,0.4
Рязань,2020-03-09,9.9,1.6
Воронеж,2020-03-04,8.8,3.5
Элиста,2020-03-20,12.0,2.0
Пенза,2020-03-02,5.1,-0.5
Архангельск,2020-03-01,-2.0,-12.0
Ижевск,2020-03-23,-2.2,-10.3
Петропавловск-Камчатский,2020-03-31,4.0,-3.0
Анадырь,2020-03-07,-20.0,-32.0
Псков,2020-03-28,16.1,-3.0
Иваново,2020-03-30,4.1,-3.4
Владимир,2020-03-04,2.7,0.3
Оренбург,2020-03-01,3.0,-10.0
Санкт-Петербург,2020-03-17,4.5,-5.0
Чебоксары,2020-03-05,1.0,-1.0
Оренбург,2020-03-06,-4.0,-14.1
Барнаул,2020-03-25,-3.0,-17.2
Новосибирск,2020-03-27,1.0,-5.0
Великий Новгород,2020-03-21,1.6,-4.7
Вологда,2020-03-21,-1.8,-8.3
Петрозаводск,2020-03-09,5.0,-2.0
Иркутск,2020-03-10,4.4,-15.0
Кострома,2020-03-02,2.8,0.6
Пенза,2020-03-08,9.1,2.7
Ижевск,2020-03-17,2.4,-6.0
Саранск,2020-03-31,14.4,-0.1
Тверь,2020-03-31,1.5,-4.2
Брянск,2020-03-14,7.0,-4.2
Уфа,2020-03-16,1.2,-9.0
Оренбург,2020-03-29,17.0,-1.0
Владивосток,2020-03-03,0.0,-8.0
Курск,2020-03-03,5.3,2.7
Челябинск,2020-03-05,-1.2,-8.1
Курган,2020-03-06,-2.5,-14.0
Великий Новгород,2020-03-22,1.9,-5.4
Ханты-Мансийск,2020-03-15,4.6,-3.0
Улан-Удэ,2020-03-28,9.4,-9.7
Чебоксары,2020-03-16,3.0,-4.0
Самара,2020-03-12,11.5,2.0
Элиста,2020-03-10,15.0,1.7
Иркутск,2020-03-28,10.3,-7.0
Тюмень,2020-03-16,1.0,-5.6
Абакан,2020-03-22,16.0,-2.0
Чита,2020-03-20,0.4,-14.0
Уфа,2020-03-09,2.0,-2.2
Ростов,2020-03-12,7.3,1.3
Биробиджан,2020-03-09,1.8,-17.0
Анадырь,2020-03-30,-1.0,-10.3
Барнаул,2020-03-01,4.0,-6.0
Брянск,2020-03-09,10.1,2.9
Пермь,2020-03-12,6.8,2.3
Сыктывкар,2020-03-19,4.0,-0.5
Чебоксары,2020-03-27,11.0,2.0
Нальчик,2020-03-06,6.1,2.9
Санкт-Петербург,2020-03-08,6.0,-1.1
Улан-Удэ,2020-03-29,5.0,-6.9
Иваново,2020-03-18,7.7,0.0
Барнаул,2020-03-07,-12.0,-20.0
Махачкала,2020-03-26,12.1,4.3
Абакан,2020-03-13,7.0,-7.0
Калининград,2020-03-12,10.0,3.5
Кострома,2020-03-14,4.2,-2.7
Омск,2020-03-18,2.2,-6.0
Чита,2020-03-11,-1.0,-21.1
Хабаровск,2020-03-07,2.0,-5.1
Калининград,2020-03-24,7.4,-7.0
Кострома,2020-03-21,-1.0,-6.7
Салехард,2020-03-09,-4.1,-11.2
Кызыл,2020-03-23,4.6,-4.4
Магадан,2020-03-31,-5.0,-28.0
Москва,2020-03-01,5.1,-3.3
Москва,2020-03-16,6.0,-8.7
Екатеринбург,2020-03-31,13.0,-3.0
Ставрополь,2020-03-17,2.0,-4.2
Курган,2020-03-20,5.8,0.2
Рязань,2020-03-26,16.2,-1.4
Тула,2020-03-16,6.0,-7.0
Ханты-Мансийск,2020-03-10,1.0,-12.2
Курган,2020-03-02,2.0,-5.5
Владикавказ,2020-03-15,4.6,3.2
Барнаул,2020-03-14,3.1,-8.5
Оренбург,2020-03-26,7.7,-2.0
Смоленск,2020-03-12,9.2,2.5
Великий Новгород,2020-03-23,2.6,-8.3
Иркутск,2020-03-14,6.0,-4.0
Махачкала,2020-03-10,8.7,5.1
Ханты-Мансийск,2020-03-28,5.8,-5.5
Орел,2020-03-31,0.0,-6.2
Хабаровск,2020-03-03,-0.3,-11.7
Москва,2020-03-18,10.5,1.8
Рязань,2020-03-03,3.2,0.6
Тверь,2020-03-30,0.4,-4.4
Смоленск,2020-03-26,14.2,-3.1
Ставрополь,2020-03-20,7.6,-0.1
Владимир,2020-03-21,-0.7,-7.2
Пенза,2020-03-24,-0.5,-7.9
Владимир,2020-03-31,-3.4,-7.1
Тамбов,2020-03-26,15.7,-2.3
Волгоград,2020-03-22,11.4,1.7
Иркутск,2020-03-04,0.4,-14.0
Иваново,2020-03-03,4.1,0.6
Ставрополь,2020-03-02,8.1,-4.4
Архангельск,2020-03-04,-1.8,-18.6
Петрозаводск,2020-03-23,3.0,-6.2
Чита,2020-03-31,6.6,-5.4
Мурманск,2020-03-10,4.0,-11.0
Томск,2020-03-11,-1.4,-14.2
Якутск,2020-03-24,3.1,-17.0
Киров,2020-03-12,4.6,2.1
Архангельск,2020-03-09,5.0,-7.6
Махачкала,2020-03-14,17.0,5.7
Магадан,2020-03-28,-2.1,-7.0
Новосибирск,2020-03-17,3.0,-7.0
Краснодар,2020-03-16,5.0,-4.0
Тюмень,2020-03-26,4.7,2.9
Самара,2020-03-19,11.6,-1.0
Калуга,2020-03-23,2.0,-5.0
Ставрополь,2020-03-08,19.3,4.0
Волгоград,2020-03-23,7.4,-3.0
Саранск,2020-03-02,3.0,-2.9
Пермь,2020-03-10,2.4,0.3
Киров,2020-03-21,-2.0,-8.0
Вологда,2020-03-29,6.7,-3.0
Тюмень,2020-03-11,4.9,-0.5
Омск,2020-03-04,3.1,-3.5
Волгоград,2020-03-29,18.4,0.9
Владивосток,2020-03-22,4.7,-0.2
Барнаул,2020-03-09,-2.8,-8.0
Смоленск,2020-03-11,8.9,-1.5
Екатеринбург,2020-03-06,1.8,-21.0
Элиста,2020-03-13,18.0,1.0
Уфа,2020-03-17,3.1,-9.8
Калининград,2020-03-26,11.4,-4.0
Санкт-Петербург,2020-03-23,4.2,-7.0
Абакан,2020-03-03,-3.0,-11.0
Тюмень,2020-03-14,6.7,0.1
Кострома,2020-03-20,3.5,-2.6
Магадан,2020-03-06,-13.0,-32.0
Архангельск,2020-03-08,2.7,-9.0
Липецк,2020-03-23,2.0,-7.0
Казань,2020-03-20,5.0,-3.0
Архангельск,2020-03-16,2.0,-4.6
Москва,2020-03-25,12.2,-2.6
Рязань,2020-03-28,16.8,4.0
Ставрополь,2020-03-29,16.4,-0.6
Рязань,2020-03-25,10.7,-7.5
Липецк,2020-03-24,4.5,-7.8
Якутск,2020-03-09,-16.7,-33.7
Нальчик,2020-03-24,8.0,4.7
Анадырь,2020-03-11,-14.0,-28.5
Краснодар,2020-03-01,7.0,2.0
Калининград,2020-03-08,8.6,1.0
Курган,2020-03-21,1.1,-2.0
Барнаул,2020-03-17,4.1,-5.9
Чита,2020-03-04,-1.6,-24.7
Биробиджан,2020-03-23,6.7,-2.9
Владимир,2020-03-23,1.5,-8.6
Челябинск,2020-03-29,10.5,-0.3
Новосибирск,2020-03-02,3.0,-6.0
Салехард,2020-03-16,-8.1,-27.7
Иркутск,2020-03-08,-5.4,-14.0
Махачкала,2020-03-20,10.5,3.9
Сыктывкар,2020-03-10,2.1,0.0
Екатеринбург,2020-03-09,1.0,-2.1
Биробиджан,2020-03-16,2.8,-10.4
Астрахань,2020-03-14,17.0,2.0
Тамбов,2020-03-25,8.8,-7.5
Томск,2020-03-30,8.7,-3.2
Волгоград,2020-03-31,20.5,2.0
Абакан,2020-03-17,6.0,-4.0
Волгоград,2020-03-06,12.0,0.5
Москва,2020-03-02,4.4,2.1
Йошкар-Ола,2020-03-06,3.5,-1.7
Новосибирск,2020-03-21,4.0,2.0
Элиста,2020-03-30,19.0,2.0
Калининград,2020-03-23,5.2,-6.0
Мурманск,2020-03-17,0.0,-7.0
Иваново,2020-03-10,2.9,0.5
Хабаровск,2020-03-22,4.6,-6.0
Курск,2020-03-17,8.1,-0.9
Москва,2020-03-09,12.0,1.0
Курск,2020-03-18,9.9,-0.8
Абакан,2020-03-15,8.0,2.0
Екатеринбург,2020-03-05,-2.1,-18.0
Элиста,2020-03-12,15.2,5.0
Волгоград,2020-03-18,10.0,-3.9
Екатеринбург,2020-03-25,8.5,-5.0
Ставрополь,2020-03-28,16.2,0.7
Тамбов,2020-03-01,4.5,-5.4
Хабаровск,2020-03-26,13.5,0.5
Кызыл,2020-03-25,-3.5,-12.3
Южно-Сахалинск,2020-03-25,5.8,-3.0
Ростов,2020-03-10,4.4,1.2
Брянск,2020-03-30,6.2,-1.2
Улан-Удэ,2020-03-23,13.0,-4.6
Уфа,2020-03-13,5.3,2.0
Хабаровск,2020-03-20,4.1,-2.4
Орел,2020-03-14,4.0,-3.9
Саранск,2020-03-03,3.0,0.1
Южно-Сахалинск,2020-03-24,3.0,-15.0
Новосибирск,2020-03-09,-3.0,-6.0
Салехард,2020-03-13,3.7,-9.1
Владивосток,2020-03-24,6.7,-0.1
Улан-Удэ,2020-03-11,-3.0,-18.0
Курган,2020-03-12,5.5,-0.5
Омск,2020-03-05,-2.4,-11.0
Сыктывкар,2020-03-17,2.8,-7.0
Петрозаводск,2020-03-28,10.4,1.0
Петрозаводск,2020-03-06,3.0,-0.4
Майкоп,2020-03-19,4.9,1.4
Курск,2020-03-05,14.6,3.0
Ханты-Мансийск,2020-03-31,1.3,-3.0
Саранск,2020-03-27,14.3,-0.8
Волгоград,2020-03-17,9.0,-3.0
Чебоксары,2020-03-22,0.0,-7.0
Кострома,2020-03-19,8.3,2.4
Москва,2020-03-22,0.4,-5.4
Магадан,2020-03-05,-11.0,-30.0
Ставрополь,2020-03-05,20.0,3.0
Калуга,2020-03-03,4.0,2.0
Кызыл,2020-03-18,2.6,-10.8
Кемерово,2020-03-13,2.0,-11.2
Уфа,2020-03-18,5.5,-1.6
Анадырь,2020-03-05,-12.8,-27.0
Иркутск,2020-03-19,3.2,-10.0
Хабаровск,2020-03-23,5.6,-6.0
Краснодар,2020-03-28,20.0,6.0
Хабаровск,2020-03-24,7.3,0.0
Биробиджан,2020-03-20,8.0,-4.9
Пермь,2020-03-05,-3.8,-14.3
Тамбов,2020-03-27,17.5,-3.8
Ханты-Мансийск,2020-03-05,-7.1,-17.0
Курск,2020-03-15,-1.8,-4.9
Кострома,2020-03-23,2.2,-7.3
Псков,2020-03-20,6.8,-3.0
Омск,2020-03-29,6.3,-4.3
Кострома,2020-03-15,-0.3,-6.8
Вологда,2020-03-30,0.1,-4.0
Великий Новгород,2020-03-20,6.3,-3.2
Краснодар,2020-03-26,16.0,5.0
Тюмень,2020-03-07,3.3,-7.4
Нальчик,2020-03-02,4.2,-4.0
Казань,2020-03-16,5.3,-3.0
Омск,2020-03-31,9.0,-3.0
Барнаул,2020-03-29,3.0,-4.0
Тверь,2020-03-03,3.7,1.7
Йошкар-Ола,2020-03-25,4.7,-3.8
Орел,2020-03-12,11.7,3.2
Салехард,2020-03-12,-5.2,-11.4
Тамбов,2020-03-19,12.6,0.3
Якутск,2020-03-29,-4.5,-23.7
Тула,2020-03-26,15.5,-2.6
Чита,2020-03-29,7.9,-7.0
Астрахань,2020-03-18,10.0,3.0
Новосибирск,2020-03-30,7.0,-1.0
Волгоград,2020-03-02,8.5,-3.4
Калуга,2020-03-10,11.0,5.0
Саранск,2020-03-30,18.0,4.5
Анадырь,2020-03-20,-9.7,-18.0
Пермь,2020-03-04,0.7,-4.8
Чита,2020-03-24,10.7,-3.0
Саранск,2020-03-12,7.9,2.6
Благовещенск,2020-03-22,4.1,-6.1
Владивосток,2020-03-14,2.2,-1.9
Майкоп,2020-03-01,7.2,-1.0
Смоленск,2020-03-08,8.6,1.3
Смоленск,2020-03-19,11.4,1.0
Южно-Сахалинск,2020-03-30,6.0,1.0
Псков,2020-03-05,6.0,0.0
Архангельск,2020-03-29,-0.4,-6.0
Липецк,2020-03-25,9.0,-6.4
Махачкала,2020-03-25,9.5,6.2
Томск,2020-03-31,9.2,-1.7
Санкт-Петербург,2020-03-09,8.8,-1.1
Саранск,2020-03-21,4.5,-2.5
Великий Новгород,2020-03-03,3.7,0.6
Пенза,2020-03-29,16.4,1.6
Элиста,2020-03-05,17.0,4.0
Казань,2020-03-15,5.0,-3.0
Челябинск,2020-03-10,2.9,-1.9
Курган,2020-03-05,-1.7,-9.1
Москва,2020-03-30,2.2,-3.0
Сыктывкар,2020-03-01,-3.0,-9.0
Астрахань,2020-03-29,19.0,7.0
Оренбург,2020-03-03,1.0,-11.5
Майкоп,2020-03-08,22.2,7.3
Тула,2020-03-30,7.3,-0.6
Брянск,2020-03-24,4.3,-6.3
Элиста,2020-03-17,5.3,-4.0
Чита,2020-03-25,-3.0,-12.3
Калуга,2020-03-13,8.0,3.0
Москва,2020-03-08,8.6,2.1
Нижний Новгород,2020-03-21,1.0,-6.0
Воронеж,2020-03-23,1.3,-4.3
Кемерово,2020-03-09,-3.7,-9.0
Пенза,2020-03-09,8.3,3.9
Краснодар,2020-03-31,17.0,2.0
Курган,2020-03-01,-1.1,-4.6
Курск,2020-03-02,5.1,1.8
Калининград,2020-03-07,7.0,3.5
Уфа,2020-03-07,-3.6,-10.0
Петропавловск-Камчатский,2020-03-24,3.0,0.0
Уфа,2020-03-19,6.6,-1.0
Новосибирск,2020-03-03,0.0,-11.0
Санкт-Петербург,2020-03-29,4.0,-6.0
Мурманск,2020-03-05,-4.7,-23.0
Анадырь,2020-03-27,-6.1,-22.0
Южно-Сахалинск,2020-03-16,-1.2,-14.0
Ханты-Мансийск,2020-03-14,4.3,-0.8
Магадан,2020-03-23,-1.0,-4.0
Воронеж,2020-03-20,11.0,1.4
Ижевск,2020-03-12,3.6,1.2
Краснодар,2020-03-14,14.0,4.0
Великий Новгород,2020-03-18,7.2,0.5
Калининград,2020-03-13,8.4,2.0
Владивосток,2020-03-04,-2.9,-5.9
Тверь,2020-03-28,16.7,-3.0
Санкт-Петербург,2020-03-13,3.0,-2.0
Калуга,2020-03-21,2.0,-3.0
Мурманск,2020-03-07,1.0,-10.0
Тверь,2020-03-15,-1.1,-7.4
Хабаровск,2020-03-11,1.0,-12.4
Элиста,2020-03-27,17.0,-1.0
Волгоград,2020-03-07,12.0,3.5
Тюмень,2020-03-04,2.3,-3.0
Элиста,2020-03-11,21.0,0.7
Анадырь,2020-03-13,2.0,-8.3
Воронеж,2020-03-31,4.9,-3.6
Элиста,2020-03-06,15.0,3.3
Ставрополь,2020-03-09,22.5,4.0
Рязань,2020-03-14,9.6,0.2
Оренбург,2020-03-04,-0.2,-8.8
Брянск,2020-03-18,9.5,-3.0
Кострома,2020-03-26,11.7,0.8
Элиста,2020-03-03,11.0,-0.6
Самара,2020-03-18,10.0,-2.0
Барнаул,2020-03-16,6.0,-4.5
Самара,2020-03-22,-1.0,-5.0
Якутск,2020-03-23,-3.1,-22.5
Улан-Удэ,2020-03-25,-8.0,-11.6
Петропавловск-Камчатский,2020-03-04,0.0,-15.0
Курск,2020-03-14,5.6,-1.1
Владивосток,2020-03-27,4.8,-1.1
Великий Новгород,2020-03-06,5.4,-2.5
Великий Новгород,2020-03-12,7.4,3.3
Омск,2020-03-22,0.2,-7.0
Кемерово,2020-03-28,3.0,-1.9
Абакан,2020-03-16,16.0,0.0
Тверь,2020-03-23,2.2,-7.2
Краснодар,2020-03-04,24.0,3.0
Казань,2020-03-28,13.0,0.0
Кызыл,2020-03-20,1.4,-8.2
Улан-Удэ,2020-03-18,4.4,-5.0
Нальчик,2020-03-31,14.4,8.0
Тамбов,2020-03-09,11.8,5.5
Великий Новгород,2020-03-24,7.2,-7.4
Самара,2020-03-20,5.0,-1.0
Брянск,2020-03-17,10.0,-0.2
Йошкар-Ола,2020-03-18,8.6,0.0
Якутск,2020-03-03,-14.2,-29.9
Барнаул,2020-03-24,-5.5,-15.6
Владивосток,2020-03-10,-3.9,-5.3
Барнаул,2020-03-03,0.8,-5.8
Уфа,2020-03-05,2.0,-13.0
Ханты-Мансийск,2020-03-19,4.2,-3.5
Великий Новгород,2020-03-10,8.8,0.7
Уфа,2020-03-30,11.0,-3.0
Иркутск,2020-03-25,-5.9,-12.0
Саранск,2020-03-14,7.0,-0.5
Майкоп,2020-03-29,17.3,6.1
Самара,2020-03-23,3.8,-5.0
Якутск,2020-03-08,-13.5,-33.2
Саранск,2020-03-18,10.3,-0.8
Самара,2020-03-11,11.7,2.0
Биробиджан,2020-03-28,1.2,-7.1
Москва,2020-03-19,11.0,2.0
Липецк,2020-03-20,10.0,-1.0
Краснодар,2020-03-20,12.0,3.0
Воронеж,2020-03-22,0.3,-1.8
Орел,2020-03-20,10.4,-0.5
Иркутск,2020-03-11,-3.2,-19.0
Грозный,2020-03-13,15.2,6.6
Москва,2020-03-31,-1.7,-5.0
Ижевск,2020-03-30,14.1,3.8
Казань,2020-03-22,-0.8,-7.0
Майкоп,2020-03-11,20.2,7.3
Петропавловск-Камчатский,2020-03-11,4.0,-5.0
Курск,2020-03-25,7.4,-2.4
Санкт-Петербург,2020-03-26,9.0,0.0
Пермь,2020-03-09,2.0,-1.8
Брянск,2020-03-10,11.6,7.0
Калининград,2020-03-09,11.1,-0.7
Вологда,2020-03-02,3.0,-0.3
Чебоксары,2020-03-25,3.0,-6.0
Пермь,2020-03-31,9.9,2.5
Калуга,2020-03-27,16.0,-3.0
Смоленск,2020-03-24,4.4,-7.7
Чита,2020-03-28,10.0,-8.1
Курган,2020-03-16,5.2,-3.5
Москва,2020-03-03,4.9,2.2
Магадан,2020-03-03,-4.0,-13.0
Томск,2020-03-23,-4.7,-13.9
Йошкар-Ола,2020-03-24,0.4,-5.3
Благовещенск,2020-03-15,-1.4,-14.8
Южно-Сахалинск,2020-03-28,2.0,-3.0
Абакан,2020-03-07,-10.0,-21.0
Казань,2020-03-14,7.2,-1.0
Липецк,2020-03-14,9.8,0.0
Екатеринбург,2020-03-03,3.0,-0.2
Кызыл,2020-03-27,1.5,-14.2
Новосибирск,2020-03-01,2.0,-3.0
Владимир,2020-03-24,4.0,-5.6
Смоленск,2020-03-16,6.8,-8.6
Магадан,2020-03-20,-9.0,-30.0
Йошкар-Ола,2020-03-01,1.0,-3.7
Курск,2020-03-09,10.2,6.7
Кызыл,2020-03-19,3.5,-7.8
Пенза,2020-03-15,1.9,-2.9
Кострома,2020-03-08,6.3,1.9
Воронеж,2020-03-19,15.2,1.3
Нальчик,2020-03-26,9.0,4.0
Казань,2020-03-01,0.9,-7.0
Махачкала,2020-03-06,9.5,6.9
Петрозаводск,2020-03-16,3.0,-4.0
Владивосток,2020-03-06,0.7,-5.0
Брянск,2020-03-02,5.3,2.7
Омск,2020-03-13,4.8,-7.0
Смоленск,2020-03-04,9.2,0.0
Иваново,2020-03-22,-0.5,-7.5
Нижний Новгород,2020-03-17,6.0,-1.0
Салехард,2020-03-14,0.7,-13.7
Благовещенск,2020-03-20,4.6,-10.0
Пермь,2020-03-23,-0.3,-13.9
Нальчик,2020-03-29,18.0,0.5
Ханты-Мансийск,2020-03-22,-5.1,-17.3
Санкт-Петербург,2020-03-10,8.2,1.0
Псков,2020-03-18,8.0,1.0
Псков,2020-03-15,5.3,-4.7
Воронеж,2020-03-13,12.0,6.5
Улан-Удэ,2020-03-17,8.6,-4.1
Волгоград,2020-03-08,12.7,1.0
Владимир,2020-03-11,10.0,3.0
Пермь,2020-03-17,-0.4,-8.9
Барнаул,2020-03-13,4.0,-13.8
Ханты-Мансийск,2020-03-13,3.0,-0.7
Оренбург,2020-03-08,0.1,-12.0
Сыктывкар,2020-03-03,3.0,-5.0
Казань,2020-03-17,5.0,-3.0
Самара,2020-03-01,4.0,-4.0
Барнаул,2020-03-27,4.0,-8.6
Уфа,2020-03-26,4.9,-4.4
Салехард,2020-03-25,0.4,-3.6
Калуга,2020-03-28,17.0,-1.0
Краснодар,2020-03-06,18.0,7.0
Омск,2020-03-10,0.4,-11.0
Южно-Сахалинск,2020-03-14,-1.0,-15.0
Нижний Новгород,2020-03-23,1.0,-7.5
Кемерово,2020-03-07,-13.0,-21.0
Тюмень,2020-03-24,2.6,-13.5
Брянск,2020-03-23,0.5,-5.3
Благовещенск,2020-03-29,13.7,-2.2
Омск,2020-03-06,-9.9,-19.0
Астрахань,2020-03-07,10.0,4.0
Чебоксары,2020-03-28,14.0,2.0
Ханты-Мансийск,2020-03-23,-1.9,-13.4
Киров,2020-03-16,1.3,-8.3
Волгоград,2020-03-28,17.5,2.0
Екатеринбург,2020-03-23,1.0,-13.0
Липецк,2020-03-11,14.4,1.1
Хабаровск,2020-03-30,12.4,2.9
Калуга,2020-03-14,7.0,-4.0
Биробиджан,2020-03-05,1.5,-16.7
Кемерово,2020-03-03,1.3,-4.2
Орел,2020-03-04,8.5,2.3
Вологда,2020-03-13,3.1,0.0
Чита,2020-03-16,7.2,-7.0
Томск,2020-03-27,1.8,-5.6
Липецк,2020-03-26,15.5,-2.0
Магадан,2020-03-07,-12.0,-33.0
Ханты-Мансийск,2020-03-21,-3.5,-13.0
Махачкала,2020-03-04,7.3,0.5
Пенза,2020-03-13,11.3,1.8
Томск,2020-03-14,2.5,-5.9
Рязань,2020-03-30,13.9,0.1
Иркутск,2020-03-22,14.0,-4.0
Ростов,2020-03-20,5.2,-2.1
Псков,2020-03-21,2.0,-4.0
Великий Новгород,2020-03-28,15.8,-0.5
Пермь,2020-03-03,2.2,-0.2
Самара,2020-03-13,10.1,0.0
Якутск,2020-03-12,-18.7,-34.6
Владикавказ,2020-03-14,15.2,6.2
Москва,2020-03-15,-2.0,-6.5
Тверь,2020-03-05,7.6,2.3
Оренбург,2020-03-23,11.6,-0.4
Самара,2020-03-24,2.0,-3.0
Сыктывкар,2020-03-13,3.6,0.4
Петрозаводск,2020-03-12,3.0,0.2
Кемерово,2020-03-08,-6.5,-19.4
Псков,2020-03-16,7.1,-1.5
Мурманск,2020-03-24,6.0,0.5
Владивосток,2020-03-05,-0.6,-8.6
Барнаул,2020-03-22,4.1,-3.0
Калининград,2020-03-19,10.3,0.0
Курган,2020-03-03,4.4,-5.8
Улан-Удэ,2020-03-14,7.0,-8.0
Воронеж,2020-03-16,3.4,-5.1
Смоленск,2020-03-05,12.8,3.5
Нальчик,2020-03-27,9.0,1.0
Кызыл,2020-03-12,-5.9,-22.6
Воронеж,2020-03-25,8.4,-6.0
Пенза,2020-03-28,12.6,0.2
Магадан,2020-03-11,-9.9,-20.5
Псков,2020-03-03,4.0,1.2
Кострома,2020-03-18,7.8,0.8
Тамбов,2020-03-11,17.7,2.8
Архангельск,2020-03-23,4.3,-4.9
Челябинск,2020-03-26,7.1,-3.5
Иваново,2020-03-11,4.9,1.0
Астрахань,2020-03-08,10.0,-2.0
Владивосток,2020-03-31,4.1,2.8
Якутск,2020-03-17,-6.5,-13.6
Омск,2020-03-15,4.0,-0.4
Тверь,2020-03-06,7.5,0.9
Архангельск,2020-03-22,1.0,-16.0
Саранск,2020-03-26,14.3,0.6
Екатеринбург,2020-03-08,3.0,-5.0
Тюмень,2020-03-27,5.3,-0.3
Волгоград,2020-03-21,11.0,-4.0
Владивосток,2020-03-28,3.7,-0.4
Тюмень,2020-03-20,5.4,0.5
Тула,2020-03-03,4.2,2.0
Хабаровск,2020-03-21,5.5,-5.1
Сыктывкар,2020-03-08,1.3,-4.0
Иркутск,2020-03-09,2.0,-15.0
Рязань,2020-03-13,8.2,2.5
Иваново,2020-03-04,2.6,0.3
Калининград,2020-03-27,15.0,0.0
Архангельск,2020-03-21,-1.6,-17.0
Москва,2020-03-06,6.4,3.7
Чита,2020-03-17,7.5,-8.3
Абакан,2020-03-01,0.0,-13.0
Брянск,2020-03-03,5.0,2.8
Калининград,2020-03-02,8.7,1.0
Саранск,2020-03-01,1.4,-6.4
Воронеж,2020-03-24,4.8,-5.8
Кызыл,2020-03-21,4.0,-9.7
Сыктывкар,2020-03-15,-3.0,-13.4
Орел,2020-03-21,3.9,-1.4
Благовещенск,2020-03-28,4.5,-7.8
Орел,2020-03-23,1.3,-5.4
Чебоксары,2020-03-23,0.0,-8.0
Липецк,2020-03-19,14.1,-0.5
Брянск,2020-03-13,9.0,2.3
Абакан,2020-03-18,7.0,-3.0
Грозный,2020-03-21,10.2,5.5
Петрозаводск,2020-03-05,2.4,-2.7
Краснодар,2020-03-05,23.0,4.0
Анадырь,2020-03-22,1.0,-13.2
Якутск,2020-03-28,-7.0,-23.4
Кострома,2020-03-28,16.2,-0.3
Мурманск,2020-03-28,3.0,-6.0
Архангельск,2020-03-15,-2.0,-16.0
Иркутск,2020-03-24,0.4,-12.0
Омск,2020-03-30,9.0,-2.0
Самара,2020-03-06,2.0,-4.0
Екатеринбург,2020-03-15,1.2,-6.0
Пенза,2020-03-04,2.5,1.1
Смоленск,2020-03-18,10.3,-1.2
Элиста,2020-03-22,15.0,4.0
Майкоп,2020-03-31,17.6,5.5
Великий Новгород,2020-03-11,7.0,2.2
Кемерово,2020-03-26,1.0,-10.8
Кемерово,2020-03-16,7.0,-0.7
Тула,2020-03-17,9.3,-0.5
Самара,2020-03-08,2.7,-1.0
Вологда,2020-03-06,2.5,0.6
Ханты-Мансийск,2020-03-12,6.1,-1.2
Южно-Сахалинск,2020-03-18,6.6,-8.0
Калининград,2020-03-25,10.2,-4.0
Уфа,2020-03-08,0.0,-6.4
Калининград,2020-03-10,11.1,5.0
Курск,2020-03-12,10.1,3.0
Благовещенск,2020-03-01,-3.0,-18.4
Чита,2020-03-02,-5.0,-22.7
Чита,2020-03-19,5.0,-9.8
Вологда,2020-03-16,3.9,-9.3
Биробиджан,2020-03-13,-4.1,-14.0
Чита,2020-03-01,-2.6,-22.5
Ставрополь,2020-03-27,16.0,0.0
Челябинск,2020-03-11,6.2,-3.7
Астрахань,2020-03-26,16.0,3.0
Брянск,2020-03-11,9.5,5.0
Нальчик,2020-03-14,18.2,6.0
Ставрополь,2020-03-23,13.4,0.0
Санкт-Петербург,2020-03-04,4.0,1.6
Тула,2020-03-07,7.6,4.9
Астрахань,2020-03-15,14.0,0.0
Калининград,2020-03-18,16.5,3.8
Биробиджан,2020-03-14,-3.5,-15.8
Ижевск,2020-03-26,8.5,-2.3
Южно-Сахалинск,2020-03-06,-1.8,-16.0
Орел,2020-03-08,12.6,6.1
Кострома,2020-03-29,14.5,1.5
Чебоксары,2020-03-04,1.0,-3.0
Хабаровск,2020-03-27,3.9,-6.5
Ханты-Мансийск,2020-03-02,-0.8,-7.0
Казань,2020-03-04,2.1,-4.0
Абакан,2020-03-28,7.0,-2.0
Уфа,2020-03-25,3.4,-2.0
Салехард,2020-03-15,-11.6,-27.7
Великий Новгород,2020-03-09,5.4,-3.0
Вологда,2020-03-17,4.0,-2.4
Тверь,2020-03-12,7.8,4.2
Калуга,2020-03-30,7.0,-2.0
Ростов,2020-03-04,3.3,1.0
Сыктывкар,2020-03-06,3.1,-6.1
Псков,2020-03-06,8.3,-2.3
Курск,2020-03-31,-0.9,-5.0
Барнаул,2020-03-10,-0.5,-16.0
Мурманск,2020-03-18,1.0,-3.0
Рязань,2020-03-11,12.7,2.8
Новосибирск,2020-03-31,8.0,-4.0
Тюмень,2020-03-29,11.7,1.3
Чебоксары,2020-03-11,9.0,3.0
Благовещенск,2020-03-07,-1.8,-15.3
Волгоград,2020-03-15,6.2,-7.0
Брянск,2020-03-28,18.0,2.0
Вологда,2020-03-03,2.6,0.1
Анадырь,2020-03-26,-2.0,-11.9
Чита,2020-03-23,17.2,-8.4
Владимир,2020-03-14,6.8,-3.2
Санкт-Петербург,2020-03-14,-0.3,-5.0
Рязань,2020-03-31,-0.8,-4.8
Киров,2020-03-07,2.6,1.0
Омск,2020-03-19,2.8,-3.9
Салехард,2020-03-26,1.7,-2.6
Иркутск,2020-03-16,6.5,-2.0
Пермь,2020-03-18,3.3,-6.5
Якутск,2020-03-20,-4.0,-23.9
Смоленск,2020-03-06,3.1,1.2
Омск,2020-03-21,3.2,-0.2
Ростов,2020-03-09,8.1,1.0
Тамбов,2020-03-12,9.6,5.2
Кызыл,2020-03-09,-8.2,-17.9
Липецк,2020-03-15,1.0,-5.1
Барнаул,2020-03-04,-2.2,-5.1
Вологда,2020-03-25,10.1,-3.4
Петрозаводск,2020-03-04,-1.0,-7.3
Нижний Новгород,2020-03-11,13.0,2.0
Санкт-Петербург,2020-03-06,5.0,-2.0
Махачкала,2020-03-08,9.3,5.9
Чита,2020-03-09,-5.0,-17.0
Великий Новгород,2020-03-05,4.9,2.3
Псков,2020-03-19,10.9,2.7
Волгоград,2020-03-20,12.9,-2.0
Калуга,2020-03-22,1.0,-5.0
Пермь,2020-03-11,5.0,0.0
Курган,2020-03-14,6.5,0.6
Нижний Новгород,2020-03-26,14.0,0.0
Сыктывкар,2020-03-11,2.5,0.0
Петрозаводск,2020-03-17,4.0,-5.7
Йошкар-Ола,2020-03-03,5.0,1.3
Рязань,2020-03-06,6.5,1.1
Ижевск,2020-03-11,5.7,0.8
Пенза,2020-03-27,15.7,-1.8
Курск,2020-03-21,6.6,0.4
Салехард,2020-03-08,-1.0,-11.1
Нижний Новгород,2020-03-31,0.0,-3.5
Якутск,2020-03-21,-2.7,-24.3
Липецк,2020-03-12,9.0,4.0
Пенза,2020-03-07,4.2,1.5
Москва,2020-03-14,8.2,-4.9
Астрахань,2020-03-02,10.0,-1.0
Великий Новгород,2020-03-29,5.1,-1.8
Псков,2020-03-22,3.0,-8.0
Орел,2020-03-26,14.8,-4.7
Тамбов,2020-03-29,17.2,2.2
Тверь,2020-03-10,8.1,3.7
Псков,2020-03-31,3.4,-9.0
Липецк,2020-03-22,1.6,-5.0
Курск,2020-03-28,16.3,3.7
Уфа,2020-03-10,3.9,0.2
Майкоп,2020-03-09,26.5,9.4
Якутск,2020-03-19,-10.3,-26.4
Йошкар-Ола,2020-03-22,-1.1,-7.9
Псков,2020-03-11,7.0,2.7
Москва,2020-03-27,15.5,0.8
Хабаровск,2020-03-17,4.3,-2.4
Омск,2020-03-24,-0.8,-11.7
Южно-Сахалинск,2020-03-12,2.0,-10.5
Петрозаводск,2020-03-24,4.1,-3.5
Волгоград,2020-03-05,10.4,1.0
Якутск,2020-03-06,-5.8,-23.1
Санкт-Петербург,2020-03-25,12.5,1.0
Петрозаводск,2020-03-19,6.0,-0.3
Курск,2020-03-30,16.9,1.0
Калининград,2020-03-21,4.3,-1.0
Великий Новгород,2020-03-26,14.4,0.7
Пермь,2020-03-25,2.1,-1.3
Смоленск,2020-03-17,7.4,-1.0
Йошкар-Ола,2020-03-16,3.1,-3.2
Калуга,2020-03-09,10.0,-1.0
Великий Новгород,2020-03-01,2.0,-4.5
Оренбург,2020-03-24,9.5,0.0
Мурманск,2020-03-22,3.0,-4.4
Кемерово,2020-03-18,2.0,-2.5
Санкт-Петербург,2020-03-15,4.3,-6.6
Иваново,2020-03-07,6.8,2.8
Сыктывкар,2020-03-21,-3.0,-11.9
Ставрополь,2020-03-15,7.0,-2.0
Ижевск,2020-03-31,10.6,1.3
Чебоксары,2020-03-29,15.0,2.0
Майкоп,2020-03-07,20.0,8.4
Брянск,2020-03-01,8.0,-3.0
Салехард,2020-03-11,3.2,-6.4
Владивосток,2020-03-30,5.8,2.4
Новосибирск,2020-03-22,4.0,-9.0
Пермь,2020-03-19,2.0,0.9
Великий Новгород,2020-03-16,6.1,-2.4
Великий Новгород,2020-03-31,3.5,-6.4
Благовещенск,2020-03-09,-1.1,-12.3
Йошкар-Ола,2020-03-13,6.7,1.2
Благовещенск,2020-03-10,-0.6,-14.3
Анадырь,2020-03-10,-16.0,-29.9
Санкт-Петербург,2020-03-02,7.0,-1.0
Калининград,2020-03-14,2.8,-3.0
Рязань,2020-03-20,8.4,-0.8
Новосибирск,2020-03-06,-11.0,-23.0
Йошкар-Ола,2020-03-19,4.6,2.2
Иркутск,2020-03-30,5.0,-9.0
Мурманск,2020-03-16,-2.0,-6.0
Иваново,2020-03-06,6.3,1.3
Якутск,2020-03-27,-9.3,-20.8
Липецк,2020-03-17,9.4,-3.7
Вологда,2020-03-23,1.9,-10.1
Москва,2020-03-11,9.0,4.2
Киров,2020-03-05,-1.8,-8.2
Воронеж,2020-03-17,9.6,-2.6
Абакан,2020-03-21,8.0,-3.0
Абакан,2020-03-25,-2.0,-14.0
Киров,2020-03-13,3.2,1.5
Кемерово,2020-03-05,-0.1,-10.5
Тамбов,2020-03-31,7.5,-2.6
Киров,2020-03-27,10.0,-3.5
Оренбург,2020-03-17,5.3,-9.0
Уфа,2020-03-11,7.3,1.3
Барнаул,2020-03-18,2.0,-2.0
Махачкала,2020-03-11,13.1,4.5
Оренбург,2020-03-09,2.5,-3.0
Чебоксары,2020-03-03,4.0,-1.0
Рязань,2020-03-29,17.4,3.6
Якутск,2020-03-10,-10.4,-25.8
Владикавказ,2020-03-19,2.0,-2.4
Волгоград,2020-03-11,15.0,2.7
Майкоп,2020-03-04,23.9,7.8
Самара,2020-03-16,1.0,-3.1
Абакан,2020-03-05,3.0,-3.0
Ханты-Мансийск,2020-03-08,4.0,-2.0
Калининград,2020-03-28,16.8,-2.0
Кызыл,2020-03-24,-0.7,-10.6
Тула,2020-03-13,7.5,3.3
Петропавловск-Камчатский,2020-03-06,-1.0,-13.0
Анадырь,2020-03-18,0.0,-6.6
Тула,2020-03-11,10.0,4.2
Саранск,2020-03-11,10.3,3.1
Ростов,2020-03-11,5.4,2.1
Липецк,2020-03-07,8.1,0.2
Кызыл,2020-03-02,-6.2,-22.3
Новосибирск,2020-03-11,-4.0,-17.0
Тюмень,2020-03-03,2.9,-2.0
Петрозаводск,2020-03-14,-4.0,-7.0
Ижевск,2020-03-16,2.5,-3.3
Мурманск,2020-03-15,0.1,-14.0
Челябинск,2020-03-19,8.0,0.7
Сыктывкар,2020-03-05,-1.5,-19.0
Астрахань,2020-03-25,16.0,6.0
Тюмень,2020-03-05,-4.4,-9.3
Калининград,2020-03-11,9.1,6.0
Киров,2020-03-04,2.1,-3.9
Волгоград,2020-03-25,8.0,-1.6
Элиста,2020-03-16,4.0,-3.2
Кызыл,2020-03-05,-4.8,-19.0
Южно-Сахалинск,2020-03-04,-2.0,-11.0
Элиста,2020-03-19,6.0,2.2
Рязань,2020-03-01,4.3,-1.6
Иваново,2020-03-28,17.1,-2.3
Санкт-Петербург,2020-03-24,6.0,-4.0
Владикавказ,2020-03-13,15.2,3.2
Петрозаводск,2020-03-31,1.2,-9.0
Майкоп,2020-03-16,2.3,-1.8
Пенза,2020-03-03,5.0,0.6
Краснодар,2020-03-18,9.0,2.0
Йошкар-Ола,2020-03-29,14.4,2.9
Екатеринбург,2020-03-16,3.0,-5.0
Майкоп,2020-03-26,15.4,-1.1
Иваново,2020-03-19,9.4,0.7
Краснодар,2020-03-15,8.0,1.0
Краснодар,2020-03-25,13.0,1.0
Киров,2020-03-26,10.3,0.6
Биробиджан,2020-03-19,6.3,-4.3
Махачкала,2020-03-29,10.8,7.8
Вологда,2020-03-12,5.4,0.8
Саранск,2020-03-22,-0.1,-5.7
Уфа,2020-03-23,0.0,-5.9
Кострома,2020-03-03,2.8,0.7
Новосибирск,2020-03-07,-11.0,-24.0
Саранск,2020-03-20,6.7,-0.2
Кострома,2020-03-01,2.5,-7.9
Смоленск,2020-03-22,1.8,-4.4
Санкт-Петербург,2020-03-21,2.2,-4.8
Благовещенск,2020-03-14,-4.7,-18.2
Сыктывкар,2020-03-22,-0.8,-13.0
Пермь,2020-03-16,2.9,-5.3
Краснодар,2020-03-12,16.0,3.0
Самара,2020-03-26,6.0,-3.4
Томск,2020-03-22,3.8,-7.5
Ставрополь,2020-03-13,20.0,2.0
Кызыл,2020-03-16,-1.0,-9.3
Салехард,2020-03-27,1.0,-3.7
Киров,2020-03-15,0.2,-4.8
Владивосток,2020-03-17,3.6,-4.0
Йошкар-Ола,2020-03-04,1.5,-2.4
Астрахань,2020-03-17,7.0,-2.0
Магадан,2020-03-12,-8.2,-16.0
Мурманск,2020-03-23,4.0,-2.0
Биробиджан,2020-03-02,-1.0,-13.7
Самара,2020-03-15,2.3,-2.0
Екатеринбург,2020-03-17,1.2,-5.6
Уфа,2020-03-31,13.0,-3.8
Анадырь,2020-03-21,-12.6,-22.0
Липецк,2020-03-05,9.0,1.0
Владивосток,2020-03-23,4.4,-1.3
Ижевск,2020-03-01,0.5,-5.9
Биробиджан,2020-03-25,14.0,-1.7
Абакан,2020-03-06,-3.0,-14.0
Липецк,2020-03-29,17.5,-0.5
Брянск,2020-03-27,17.0,1.4
Петропавловск-Камчатский,2020-03-20,3.0,-4.0
Курск,2020-03-27,17.2,5.4
Брянск,2020-03-16,5.3,-8.0
Барнаул,2020-03-11,-3.0,-19.8
Майкоп,2020-03-21,13.5,2.8
Пенза,2020-03-30,18.3,3.2
Томск,2020-03-26,1.7,-10.2
Чебоксары,2020-03-07,5.0,1.0
Южно-Сахалинск,2020-03-10,0.0,-4.0
Псков,2020-03-02,7.5,1.0
Владивосток,2020-03-12,4.7,-5.6
Киров,2020-03-02,1.5,-4.4
Барнаул,2020-03-30,6.2,-4.6
Иркутск,2020-03-17,7.0,-5.0
Ханты-Мансийск,2020-03-20,2.0,-5.0
Абакан,2020-03-29,5.0,-3.0
Благовещенск,2020-03-24,11.8,-6.0
Вологда,2020-03-09,3.0,0.1
Краснодар,2020-03-22,17.0,2.0
Челябинск,2020-03-09,4.3,-0.7
Томск,2020-03-25,0.0,-12.5
Махачкала,2020-03-17,5.3,1.9
Казань,2020-03-21,3.0,-5.0
Смоленск,2020-03-03,5.2,1.9
Анадырь,2020-03-23,1.0,-6.5
Пенза,2020-03-23,-3.4,-5.5
Петропавловск-Камчатский,2020-03-02,1.0,-15.0
Петропавловск-Камчатский,2020-03-17,-1.0,-9.0
Нижний Новгород,2020-03-24,0.0,-4.6
Новосибирск,2020-03-29,3.0,-4.0
Липецк,2020-03-13,10.0,2.0
Волгоград,2020-03-04,15.6,0.9
Улан-Удэ,2020-03-06,-2.9,-20.0
Тула,2020-03-01,4.9,-2.8
Екатеринбург,2020-03-20,4.8,-3.0
Санкт-Петербург,2020-03-03,4.2,-1.0
Брянск,2020-03-20,9.1,0.0
Челябинск,2020-03-17,2.7,-1.9
Орел,2020-03-15,-1.6,-6.7
Казань,2020-03-27,12.0,-1.0
Уфа,2020-03-03,3.8,-6.0
Петрозаводск,2020-03-01,2.0,-15.0
Мурманск,2020-03-04,-5.0,-23.0
Нальчик,2020-03-18,0.0,-1.3
Калуга,2020-03-02,5.0,2.0
Анадырь,2020-03-16,-1.0,-6.6
Ханты-Мансийск,2020-03-07,2.0,-14.7
Чебоксары,2020-03-10,5.0,-4.0
Киров,2020-03-17,3.9,-5.3
Южно-Сахалинск,2020-03-08,2.0,-1.5
Оренбург,2020-03-13,5.8,1.0
Уфа,2020-03-22,-0.3,-5.0
Тула,2020-03-24,3.6,-5.0
Элиста,2020-03-18,6.0,-1.0
Казань,2020-03-07,3.0,-2.0
Новосибирск,2020-03-20,2.0,-1.0
Махачкала,2020-03-23,10.1,6.8
Кострома,2020-03-27,14.5,0.0
Барнаул,2020-03-23,-1.0,-11.0
Киров,2020-03-10,3.1,-0.7
Салехард,2020-03-28,1.9,-4.0
Петропавловск-Камчатский,2020-03-27,6.0,0.0
Липецк,2020-03-10,20.0,4.0
Улан-Удэ,2020-03-15,7.0,-7.0
Иркутск,2020-03-02,-4.7,-19.0
Липецк,2020-03-28,16.0,1.5
Великий Новгород,2020-03-02,3.7,0.9
Нижний Новгород,2020-03-10,9.0,-1.3
Пенза,2020-03-21,5.8,-2.0
Санкт-Петербург,2020-03-11,8.0,2.0
Биробиджан,2020-03-18,6.4,-3.8
Калининград,2020-03-05,9.2,0.0
Оренбург,2020-03-11,5.4,-2.0
Южно-Сахалинск,2020-03-11,0.3,-10.1
Благовещенск,2020-03-03,-0.8,-17.4
Владивосток,2020-03-26,5.8,-1.4
Архангельск,2020-03-18,5.3,-2.0
Южно-Сахалинск,2020-03-27,2.1,-1.0
Сыктывкар,2020-03-24,6.0,-10.5
Кызыл,2020-03-17,2.6,-11.2
Анадырь,2020-03-17,-1.0,-6.5
Хабаровск,2020-03-04,-0.6,-9.3
Астрахань,2020-03-21,13.0,1.0
Орел,2020-03-24,4.8,-8.1
Москва,2020-03-28,17.4,0.6
Волгоград,2020-03-26,13.0,-1.6
Курск,2020-03-07,11.5,4.2
Йошкар-Ола,2020-03-17,4.1,-2.5
Южно-Сахалинск,2020-03-31,6.5,2.8
Курган,2020-03-07,-0.9,-12.3
Москва,2020-03-29,17.4,2.5
Орел,2020-03-13,10.1,4.0
Смоленск,2020-03-07,8.0,1.9
Кемерово,2020-03-15,5.8,1.5
Великий Новгород,2020-03-04,4.6,1.3
Барнаул,2020-03-28,1.4,-4.0
Пермь,2020-03-01,0.7,-4.7
Иваново,2020-03-14,5.6,-3.8
Вологда,2020-03-18,3.8,-2.7
Томск,2020-03-21,5.0,0.2
Йошкар-Ола,2020-03-31,7.4,-1.1
Ростов,2020-03-07,7.5,2.6
Саранск,2020-03-07,4.1,1.5
Ростов,2020-03-25,11.0,-4.9
Астрахань,2020-03-11,12.0,2.0
Нальчик,2020-03-05,16.0,1.6
Ижевск,2020-03-04,2.4,-2.5
Тверь,2020-03-04,4.4,2.2
Краснодар,2020-03-11,15.0,8.0
Петропавловск-Камчатский,2020-03-30,4.0,-7.0
Элиста,2020-03-29,18.3,0.7
Ставрополь,2020-03-07,19.2,1.0
Владимир,2020-03-03,3.1,0.7
Москва,2020-03-24,3.9,-4.6
Смоленск,2020-03-28,16.8,1.8
Воронеж,2020-03-09,15.5,7.8
Ижевск,2020-03-15,3.7,-2.5
Нижний Новгород,2020-03-03,5.0,0.0
Тамбов,2020-03-14,10.3,0.7
Нижний Новгород,2020-03-02,4.0,-0.5
Саранск,2020-03-29,16.7,0.7
Псков,2020-03-14,1.4,-3.0
Астрахань,2020-03-28,18.0,4.0
Киров,2020-03-23,0.7,-12.9
Южно-Сахалинск,2020-03-29,4.8,-4.1
Курск,2020-03-11,13.5,5.6
Элиста,2020-03-04,20.0,3.9
Нижний Новгород,2020-03-13,7.0,2.4
Пермь,2020-03-22,-3.8,-10.8
Владивосток,2020-03-29,7.6,-0.5
Салехард,2020-03-17,-3.7,-9.6
Улан-Удэ,2020-03-30,4.0,-7.0
Оренбург,2020-03-16,2.0,-8.0
